Coluna;Região Natural
CNAE 2.0 Subclasse;Norte;Nordeste;Sudeste;Sul;Centro-Oeste
Cultivo de arroz;1346;1383;1714;16303;625
Cultivo de milho;350;726;8318;1606;1837
Cultivo de trigo;3;9;78;181;29
Cultivo de outros cereais não especificados anteriormente;828;5778;7661;12287;6125
Cultivo de algodão herbáceo;76;2707;510;23;6046
Cultivo de juta;9;10;2;0;5
Cultivo de outras fibras de lavoura temporária não especificadas anteriormente;84;283;1197;611;148
Cultivo de cana-de-açúcar;1346;31393;67449;6451;18935
Cultivo de fumo;22;1998;14;91;0
Cultivo de soja;6147;15361;10780;26497;80544
Cultivo de amendoim;5;4;557;5;4
Cultivo de girassol;0;21;29;0;0
Cultivo de mamona;0;6;2;0;0
Cultivo de outras oleaginosas de lavoura temporária não especificadas anteriormente;67;380;1761;656;383
Cultivo de abacaxi;69;240;427;7;17
Cultivo de alho;0;3;576;210;245
Cultivo de batata-inglesa;0;1122;3501;1635;325
Cultivo de cebola;19;141;557;110;52
Cultivo de feijão;12;141;559;116;325
Cultivo de mandioca;83;212;574;944;78
Cultivo de melão;1;10762;7;7;0
Cultivo de melancia;50;492;100;63;54
Cultivo de tomate rasteiro;2;243;2544;430;316
Cultivo de outras plantas de lavoura temporária não especificadas anteriormente;397;4821;13949;5102;3065
Horticultura, exceto morango;690;1933;19628;3369;2718
Cultivo de morango;0;59;759;531;12
Cultivo de flores e plantas ornamentais;236;1537;14991;1466;493
Cultivo de laranja;348;2175;51753;1451;804
Cultivo de uva;15;20636;1839;892;63
Cultivo de açaí;285;28;45;0;3
Cultivo de banana;239;5915;12075;1233;242
Cultivo de caju;1;358;54;0;2
Cultivo de cítricos, exceto laranja;49;1862;2553;182;85
Cultivo de coco-da-baía;3226;2106;363;6;38
Cultivo de guaraná;45;3;1;0;0
Cultivo de maçã;0;9;67;11159;0
Cultivo de mamão;21;3391;2813;12;10
Cultivo de maracujá;12;106;169;16;12
Cultivo de manga;7;9234;472;0;9
Cultivo de pêssego;4;0;276;139;0
Cultivo de frutas de lavoura permanente não especificadas anteriormente;335;3783;4855;1225;136
Cultivo de café;29;7067;76758;1375;270
Cultivo de cacau;142;6829;999;0;3
Cultivo de chá-da-índia;0;2;38;4;1
Cultivo de erva-mate;0;1;7;459;2
Cultivo de pimenta-do-reino;641;177;128;0;0
Cultivo de plantas para condimento, exceto pimenta-do-reino;13;155;93;29;142
Cultivo de dendê;10308;65;2;0;1
Cultivo de seringueira;54;660;1837;6;1304
Cultivo de outras plantas de lavoura permanente não especificadas anteriormente;531;1443;3746;1753;225
Produção de sementes certificadas, exceto de forrageiras para pasto;566;664;5308;2570;3996
Produção de sementes certificadas de forrageiras para formação de pasto;5;182;620;48;586
Produção de mudas e outras formas de propagação vegetal, certificadas;68;840;2680;816;252
Criação de bovinos para corte;44955;25112;70339;24810;103989
Criação de bovinos para leite;2765;7261;53105;4995;11950
Criação de bovinos, exceto para corte e leite;1924;2870;5607;1356;3296
Criação de bufalinos;246;175;340;89;96
Criação de eqüinos;51;655;4552;1028;290
Criação de asininos e muares;46;58;195;102;53
Criação de caprinos;25;324;224;44;16
Criação de ovinos, inclusive para produção de lã;11;342;493;252;78
Criação de suínos;104;1068;10670;11316;4962
Criação de frangos para corte;4666;13494;9904;2980;3233
Produção de pintos de um dia;86;1363;6485;6999;937
Criação de outros galináceos, exceto para corte;31;1079;931;1484;785
Criação de aves, exceto galináceos;601;421;726;1471;333
Produção de ovos;1875;9376;20149;8571;4234
Apicultura;14;136;385;100;33
Criação de animais de estimação;12;178;231;30;39
Criação de escargô;0;0;3;0;0
Criação de bicho-da-seda;0;0;65;62;0
Criação de outros animais não especificados anteriormente;173;622;2587;596;445
Serviço de pulverização e controle de pragas agrícolas;117;579;2622;1389;1258
Serviço de poda de árvores para lavouras;22;85;336;374;65
Serviço de preparação de terreno, cultivo e colheita;639;4832;18468;4360;3250
Atividades de apoio à agricultura não especificadas anteriormente;2368;7083;31713;11905;7139
Serviço de inseminação artificial em animais;24;22;198;71;91
Serviço de tosquiamento de ovinos;0;0;4;2;1
Serviço de manejo de animais;210;124;664;835;313
Atividades de apoio à pecuária não especificadas anteriormente;1233;1703;8995;5893;3681
Atividades de pós-colheita;143;480;1988;3282;1679
Caça e serviços relacionados;1;5;6;1;2
Cultivo de eucalipto;759;2646;13236;1092;1979
Cultivo de acácia-negra;0;0;7;31;0
Cultivo de pinus;356;66;1419;7429;5
Cultivo de teca;115;0;62;0;482
Cultivo de espécies madeireiras, exceto eucalipto, acácia-negra, pinus e teca;310;99;314;83;45
Cultivo de mudas em viveiros florestais;389;438;1447;1201;511
Extração de madeira em florestas plantadas;642;503;3814;6658;860
Produção de carvão vegetal - florestas plantadas;602;1604;6280;429;322
Produção de casca de acácia-negra - florestas plantadas;0;0;4;32;0
Produção de produtos não-madeireiros não especificados anteriormente em florestas plantadas;8;189;2890;1839;15
Extração de madeira em florestas nativas;1166;60;41;185;533
Produção de carvão vegetal - florestas nativas;289;502;109;37;390
Coleta de castanha-do-pará em florestas nativas;17;0;1;0;0
Coleta de látex em florestas nativas;14;59;89;0;58
Coleta de palmito em florestas nativas;1;0;10;4;0
Conservação de florestas nativas;85;334;221;51;52
Coleta de produtos não-madeireiros não especificados anteriormente em florestas nativas;5;250;474;306;0
Atividades de apoio à produção florestal;1902;7918;14032;6285;2327
Pesca de peixes em água salgada;697;513;1231;2847;4
Pesca de crustáceos e moluscos em água salgada;288;82;115;34;0
Coleta de outros produtos marinhos;0;1;0;5;0
Atividades de apoio à pesca em água salgada;1;274;157;78;1
Pesca de peixes em água doce;40;101;151;40;95
Pesca de crustáceos e moluscos em água doce;0;4;3;0;3
Coleta de outros produtos aquáticos de água doce;8;0;18;8;0
Atividades de apoio à pesca em água doce;70;7;20;13;21
Criação de peixes em água salgada e salobra;9;246;92;30;11
Criação de camarões em água salgada e salobra;17;5820;32;32;0
Criação de ostras e mexilhões em água salgada e salobra;0;25;0;50;0
Criação de peixes ornamentais em água salgada e salobra;0;9;13;0;0
Atividades de apoio à aqüicultura em água salgada e salobra;0;99;12;24;3
Cultivos e semicultivos da aqüicultura em água salgada e salobra não especificados anteriormente;3;6;26;2;8
Criação de peixes em água doce;444;1191;1616;559;844
Criação de camarões em água doce;1;656;16;3;4
Criação de ostras e mexilhões em água doce;0;0;0;5;0
Criação de peixes ornamentais em água doce;18;67;88;50;1
Ranicultura;0;5;16;2;6
Criação de jacaré;0;6;10;2;44
Atividades de apoio à aqüicultura em água doce;9;55;329;53;32
Cultivos e semicultivos da aqüicultura em água doce não especificados anteriormente;20;70;42;27;6
Extração de carvão mineral;6;4;243;3129;29
Beneficiamento de carvão mineral;1;22;14;365;0
Extração de petróleo e gás natural;447;5507;17020;38;0
Extração e beneficiamento de xisto;0;0;0;4;0
Extração e beneficiamento de areias betuminosas;0;3;15;20;7
Extração de minério de ferro;9393;139;32368;0;1188
Pelotização, sinterização e outros beneficiamentos de minério de ferro;0;174;5396;48;0
Extração de minério de alumínio;2814;0;231;2;0
Beneficiamento de minério de alumínio;476;1;274;51;122
Extração de minério de estanho;310;0;1;2;0
Beneficiamento de minério de estanho;1046;0;0;0;0
Extração de minério de manganês;642;15;213;0;50
Beneficiamento de minério de manganês;0;0;28;0;0
Extração de minério de metais preciosos;1302;2101;6174;276;3591
Beneficiamento de minério de metais preciosos;24;48;380;2;702
Extração de minerais radioativos;0;0;18;0;0
Extração de minérios de nióbio e titânio;0;7;31;1;0
Extração de minério de tungstênio;1;368;0;0;0
Extração de minério de níquel;726;193;68;0;1027
Extração de minérios de cobre, chumbo, zinco e outros minerais metálicos não-ferrosos não especificados anteriormente;3829;2133;2192;4;161
Beneficiamento de minérios de cobre, chumbo, zinco e outros minerais metálicos não-ferrosos não especificados anteriormente;46;1463;81;14;4
Extração de ardósia e beneficiamento associado;15;68;945;82;0
Extração de granito e beneficiamento associado;26;2147;5646;189;71
Extração de mármore e beneficiamento associado;0;460;387;31;16
Extração de calcário e dolomita e beneficiamento associado;408;1325;2488;1448;1857
Extração de gesso e caulim;261;439;160;127;0
Extração de areia, cascalho ou pedregulho e beneficiamento associado;609;1345;7631;2821;1454
Extração de argila e beneficiamento associado;42;424;1263;343;43
Extração de saibro e beneficiamento associado;0;3;71;236;0
Extração de basalto e beneficiamento associado;31;74;1188;977;190
Beneficiamento de gesso e caulim associado à extração;342;205;28;17;0
Extração e britamento de pedras e outros materiais para construção e beneficiamento associado;780;4013;9370;5068;1226
Extração de minerais para fabricação de adubos, fertilizantes e outros produtos químicos;145;1200;1593;509;1204
Extração de sal marinho;0;2305;602;0;0
Extração de sal-gema;0;121;0;0;0
Refino e outros tratamentos do sal;63;1525;36;250;0
Extração de gemas (pedras preciosas e semipreciosas);58;496;758;12;33
Extração de grafita;0;58;851;0;7
Extração de quartzo;11;86;375;0;41
Extração de amianto;0;0;5;1;268
Extração de outros minerais não-metálicos não especificados anteriormente;877;2663;3571;967;496
Atividades de apoio à extração de petróleo e gás natural;417;4134;15811;121;3
Atividades de apoio à extração de minério de ferro;34;243;628;0;45
Atividades de apoio à extração de minerais metálicos não-ferrosos;152;13;150;11;154
Atividades de apoio à extração de minerais não-metálicos;53;932;799;390;137
Frigorífico - abate de bovinos;24923;5370;31345;17454;49925
Frigorífico - abate de eqüinos;0;124;2;116;1
Frigorífico - abate de ovinos e caprinos;1;53;20;74;0
Frigorífico - abate de bufalinos;2;41;0;0;0
Matadouro - abate de reses sob contrato, exceto abate de suínos;596;1100;1523;625;484
Abate de aves;1366;9209;40359;118167;20822
Abate de pequenos animais;10;1122;426;83;88
Frigorífico - abate de suínos;760;50;13014;58948;20279
Matadouro - abate de suínos sob contrato;5;0;88;2;50
Fabricação de produtos de carne;1704;4352;32329;13571;2763
Preparação de subprodutos do abate;840;651;3497;3957;1533
Preservação de peixes, crustáceos e moluscos;964;1661;1624;2984;241
Fabricação de conservas de peixes, crustáceos e moluscos;963;1323;1638;6567;588
Fabricação de conservas de frutas;2165;7723;6638;3768;3167
Fabricação de conservas de palmito;453;304;523;502;47
Fabricação de conservas de legumes e outros vegetais, exceto palmito;90;137;2940;2198;1142
Fabricação de sucos concentrados de frutas, hortaliças e legumes;420;3180;6932;1526;207
Fabricação de sucos de frutas, hortaliças e legumes, exceto concentrados;258;1710;4132;959;74
Fabricação de óleos vegetais em bruto, exceto óleo de milho;4332;1875;2550;7112;6167
Fabricação de óleos vegetais refinados, exceto óleo de milho;744;860;3236;428;2763
Fabricação de margarina e outras gorduras vegetais e de óleos não-comestíveis de animais;0;691;1973;1064;256
Preparação do leite;245;1244;7301;3890;783
Fabricação de laticínios;4661;9041;37145;20673;8993
Fabricação de sorvetes e outros gelados comestíveis;1502;6525;9878;4568;2490
Beneficiamento de arroz;1533;1090;2878;13054;2411
Fabricação de produtos do arroz;9;34;38;695;19
Moagem de trigo e fabricação de derivados;692;6092;6666;7963;962
Fabricação de farinha de mandioca e derivados;82;491;1250;2174;127
Fabricação de farinha de milho e derivados, exceto óleos de milho;205;4226;1464;1595;847
Fabricação de amidos e féculas de vegetais;37;738;3406;3178;1061
Fabricação de óleo de milho em bruto;0;0;2;181;0
Fabricação de óleo de milho refinado;0;0;0;0;0
Fabricação de alimentos para animais;1848;6545;23445;15900;8043
Moagem e fabricação de produtos de origem vegetal não especificados anteriormente;1016;4820;8754;5072;1290
Fabricação de açúcar em bruto;0;85654;126400;23611;19350
Fabricação de açúcar de cana refinado;10;1212;791;0;3
Fabricação de açúcar de cereais (dextrose) e de beterraba;0;1;0;0;0
Beneficiamento de café;60;102;741;86;5
Torrefação e moagem de café;463;5524;7269;1207;1827
Fabricação de produtos à base de café;15;11;1059;1482;79
Fabricação de produtos de panificação;0;0;0;0;0
Fabricação de produtos de panificação industrial;1543;12401;33056;16194;4384
Fabricação de produtos de padaria e confeitaria com predominância de produção própria;3004;22318;33600;15095;6403
Fabricação de biscoitos e bolachas;1531;11326;21024;10673;2636
Fabricação de produtos derivados do cacau e de chocolates;109;3705;13918;5733;129
Fabricação de frutas cristalizadas, balas e semelhantes;54;912;6453;4019;102
Fabricação de massas alimentícias;665;11919;23375;9802;1487
Fabricação de especiarias, molhos, temperos e condimentos;502;1357;7715;1413;2083
Fabricação de alimentos e pratos prontos;440;1220;6635;3651;964
Fabricação de vinagres;38;639;604;212;4
Fabricação de pós alimentícios;163;77;1997;964;520
Fabricação de fermentos e leveduras;1;51;920;113;0
Fabricação de gelo comum;779;1426;2374;592;473
Fabricação de produtos para infusão (chá, mate, etc.);0;28;188;3594;61
Fabricação de adoçantes naturais e artificiais;0;0;69;110;258
Fabricação de alimentos dietéticos e complementos alimentares;0;72;18;39;82
Fabricação de outros produtos alimentícios não especificados anteriormente;1917;8692;45862;14585;6074
Fabricação de aguardente de cana-de-açúcar;39;2707;2923;459;165
Fabricação de outras aguardentes e bebidas destiladas;14;815;1859;409;132
Fabricação de vinho;53;708;1308;3734;7
Fabricação de malte, inclusive malte uísque;0;0;51;434;0
Fabricação de cervejas e chopes;1715;7771;20130;4692;3307
Fabricação de águas envasadas;1378;7837;6992;1814;1589
Fabricação de refrigerantes;4161;10345;13842;5762;5844
Fabricação de chá mate e outros chás prontos para consumo;1;5;87;79;2
Fabricação de refrescos, xaropes e pós para refrescos, exceto refrescos de frutas;423;793;2979;124;679
Fabricação de bebidas isotônicas;0;3;1;0;0
Fabricação de outras bebidas não-alcoólicas não especificadas anteriormente;261;202;335;37;7
Processamento industrial do fumo;0;128;1;3901;0
Fabricação de cigarros;43;174;2011;1370;30
Fabricação de cigarrilhas e charutos;0;166;115;15;0
Fabricação de filtros para cigarros;0;0;17;0;0
Fabricação de outros produtos do fumo, exceto cigarros, cigarrilhas e charutos;0;509;192;722;70
Preparação e fiação de fibras de algodão;0;7686;4836;6200;1583
Preparação e fiação de fibras têxteis naturais, exceto algodão;1480;1870;1675;767;4
Fiação de fibras artificiais e sintéticas;5;1899;4715;2871;0
Fabricação de linhas para costurar e bordar;0;646;2692;1859;3
Tecelagem de fios de algodão;3;9706;12816;3122;380
Tecelagem de fios de fibras têxteis naturais, exceto algodão;470;1046;494;307;8
Tecelagem de fios de fibras artificiais e sintéticas;25;2528;9375;3511;225
Fabricação de tecidos de malha;4;2846;8712;12243;202
Estamparia e texturização em fios, tecidos, artefatos têxteis e peças do vestuário;127;656;8879;4605;179
Alvejamento, tingimento e torção em fios, tecidos, artefatos têxteis e peças do vestuário;1;1017;2593;8188;157
Outros serviços de acabamento em fios, tecidos, artefatos têxteis e peças do vestuário;93;861;3484;5429;207
Fabricação de artefatos têxteis para uso doméstico;113;5967;19365;14574;1543
Fabricação de artefatos de tapeçaria;88;783;4263;716;457
Fabricação de artefatos de cordoaria;22;285;1223;1765;46
Fabricação de tecidos especiais, inclusive artefatos;35;1827;7029;3915;170
Fabricação de outros produtos têxteis não especificados anteriormente;236;3406;28635;8879;1423
Confecção de roupas íntimas;296;16366;35541;8910;3252
Facção de roupas íntimas;52;3769;1667;531;216
Confecção de peças do vestuário, exceto roupas íntimas e as confeccionadas sob medida;1242;56036;144773;118274;14323
Confecção, sob medida, de peças do vestuário, exceto roupas íntimas;327;4646;16958;6016;1491
Facção de peças do vestuário, exceto roupas íntimas;22;6504;14090;25508;3446
Confecção de roupas profissionais, exceto sob medida;913;2118;7607;3349;1354
Confecção, sob medida, de roupas profissionais;428;1225;2871;748;440
Facção de roupas profissionais;108;320;480;398;74
Fabricação de acessórios do vestuário, exceto para segurança e proteção;44;2711;4865;4330;309
Fabricação de meias;0;2075;6634;876;10
Fabricação de artigos do vestuário, produzidos em malharias e tricotagens, exceto meias;202;951;5195;4902;1819
Curtimento e outras preparações de couro;2055;2882;8639;13086;6139
Fabricação de artigos para viagem, bolsas e semelhantes de qualquer material;31;1385;5598;3988;254
Fabricação de artefatos de couro não especificados anteriormente;138;1174;3856;2638;460
Fabricação de calçados de couro;337;56497;23827;43385;780
Acabamento de calçados de couro sob contrato;0;296;2407;16323;5
Fabricação de tênis de qualquer material;0;6207;8518;1990;303
Fabricação de calçados de material sintético;30;25292;12378;22224;1245
Fabricação de calçados de materiais não especificados anteriormente;22;15049;12589;3202;187
Fabricação de partes para calçados, de qualquer material;1;2111;6888;10857;164
Serrarias com desdobramento de madeira (Desativado);0;0;0;0;0
Serrarias sem desdobramento de madeira (Desativado);0;0;0;0;0
Serrarias com desdobramento de madeira em bruto;10403;611;7912;30959;7536
Serrarias sem desdobramento de madeira em bruto  Resserragem;858;106;1059;1440;638
Serviço de tratamento de madeira realizado sob contrato;0;4;72;112;47
Fabricação de madeira laminada e de chapas de madeira compensada, prensada e aglomerada;4967;239;4895;25321;1865
Fabricação de casas de madeira pré-fabricadas;13;48;178;236;10
Fabricação de esquadrias de madeira e de peças de madeira para instalações industriais e comerciais;763;1862;3159;14345;933
Fabricação de outros artigos de carpintaria para construção;48;652;1609;981;299
Fabricação de artefatos de tanoaria e de embalagens de madeira;224;1001;7797;4549;328
Fabricação de artefatos diversos de madeira, exceto móveis;986;1181;8364;10284;1079
Fabricação de artefatos diversos de cortiça, bambu, palha, vime e outros materiais trançados, exceto móveis;7;72;426;265;20
Fabricação de celulose e outras pastas para a fabricação de papel;832;3943;4334;3722;5243
Fabricação de papel;954;2990;15617;19457;867
Fabricação de cartolina e papel-cartão;0;0;1373;2234;0
Fabricação de embalagens de papel;111;2337;10857;6747;1025
Fabricação de embalagens de cartolina e papel-cartão;45;339;6442;2026;79
Fabricação de chapas e de embalagens de papelão ondulado;1287;2120;20462;8372;601
Fabricação de formulários contínuos;33;7;165;205;197
Fabricação de produtos de papel, cartolina, papel-cartão e papelão ondulado para uso comercial e de escritório, exceto formulário contínuo;762;1846;11021;4427;1162
Fabricação de fraldas descartáveis;0;812;3377;864;1228
Fabricação de absorventes higiênicos;0;218;9;10;0
Fabricação de produtos de papel para uso doméstico e higiênico-sanitário não especificados anteriormente;142;1261;4970;3622;110
Fabricação de produtos de pastas celulósicas, papel, cartolina, papel-cartão e papelão ondulado não especificados anteriormente;337;548;6551;3127;702
Impressão de jornais;80;720;1482;409;163
Impressão de livros, revistas e outras publicações periódicas;225;2621;10156;2362;895
Impressão de material de segurança;227;1295;7046;604;444
Impressão de material para uso publicitário;1120;3980;9375;4451;1533
Impressão de material para outros usos;654;3369;14335;8675;1728
Serviços de pré-impressão;435;1385;8085;1977;864
Serviços de acabamentos gráficos (Desativado);0;0;0;0;0
Serviços de encadernação e plastificação;36;204;809;229;38
Serviços de acabamentos gráficos, exceto encadernação e plastificação;151;913;3461;1319;265
Reprodução de som em qualquer suporte;418;34;204;6;17
Reprodução de vídeo em qualquer suporte;6;44;57;41;2
Reprodução de software em qualquer suporte;19;71;197;156;82
Coquerias;0;2;307;246;0
Fabricação de produtos do refino de petróleo;431;2123;18911;2288;55
Formulação de combustíveis;0;0;91;0;1
Rerrefino de óleos lubrificantes;112;33;1979;155;0
Fabricação de outros produtos derivados do petróleo, exceto produtos do refino;6;69;2892;229;4
Fabricação de álcool;2006;18877;46422;5246;34068
Fabricação de biocombustíveis, exceto álcool;398;305;421;670;1060
Fabricação de cloro e álcalis;0;516;529;133;0
Fabricação de intermediários para fertilizantes;66;211;2967;489;300
Fabricação de adubos e fertilizantes (Desativado);0;0;0;0;0
Fabricação de adubos e fertilizantes organominerais;38;319;3296;1829;797
Fabricação de adubos e fertilizantes, exceto organominerais;335;3139;8989;7841;2584
Fabricação de gases industriais;275;664;2920;596;176
Elaboração de combustíveis nucleares;0;296;1053;0;0
Fabricação de outros produtos químicos inorgânicos não especificados anteriormente;32;959;5346;853;123
Fabricação de produtos petroquímicos básicos;8;1545;3143;764;188
Fabricação de intermediários para plastificantes, resinas e fibras;0;619;789;221;5
Fabricação de produtos químicos orgânicos não especificados anteriormente;14;914;9832;1991;323
Fabricação de resinas termoplásticas;686;1093;4403;1505;2
Fabricação de resinas termofixas;0;148;1997;516;0
Fabricação de elastômeros;0;144;575;309;0
Fabricação de fibras artificiais e sintéticas;0;756;2016;205;22
Fabricação de defensivos agrícolas;0;252;5858;1339;116
Fabricação de desinfestantes domissanitários;7;171;855;572;111
Fabricação de sabões e detergentes sintéticos;705;5551;11684;2632;1764
Fabricação de produtos de limpeza e polimento;604;5085;11280;2207;914
Fabricação de cosméticos, produtos de perfumaria e de higiene pessoal;780;3183;33735;5745;3752
Fabricação de tintas, vernizes, esmaltes e lacas;451;2950;14856;5111;1301
Fabricação de tintas de impressão;0;16;1538;301;0
Fabricação de impermeabilizantes, solventes e produtos afins;113;502;2061;837;95
Fabricação de adesivos e selantes;100;206;4202;1391;30
Fabricação de pólvoras, explosivos e detonantes;203;141;1538;668;98
Fabricação de artigos pirotécnicos;0;46;2671;3;0
Fabricação de fósforos de segurança;0;0;83;1171;0
Fabricação de aditivos de uso industrial;113;421;8044;1275;209
Fabricação de catalisadores;0;0;488;37;0
Fabricação de chapas, filmes, papéis e outros materiais e produtos químicos para fotografia;180;1;752;13;3
Fabricação de outros produtos químicos não especificados anteriormente;560;2222;24272;6718;1123
Fabricação de produtos farmoquímicos;33;283;3861;387;402
Fabricação de medicamentos alopáticos para uso humano;657;5188;56394;5908;13223
Fabricação de medicamentos homeopáticos para uso humano;2;34;346;78;16
Fabricação de medicamentos fitoterápicos para uso humano;2;11;872;530;19
Fabricação de medicamentos para uso veterinário;4;287;8330;1034;417
Fabricação de preparações farmacêuticas;0;135;2735;497;25
Fabricação de pneumáticos e de câmaras-de-ar;751;4690;18150;5233;22
Reforma de pneumáticos usados;1264;2394;6505;4325;1695
Fabricação de artefatos de borracha não especificados anteriormente;305;2852;32294;9985;465
Fabricação de laminados planos e tubulares de material plástico;451;1686;9759;3464;644
Fabricação de embalagens de material plástico;3529;13866;62304;32089;5461
Fabricação de tubos e acessórios de material plástico para uso na construção;177;1942;3906;4104;553
Fabricação de artefatos de material plástico para uso pessoal e doméstico;345;4438;22474;8215;254
Fabricação de artefatos de material plástico para usos industriais;2797;4198;31929;15254;133
Fabricação de artefatos de material plástico para uso na construção, exceto tubos e acessórios;269;2104;6102;6410;792
Fabricação de artefatos de material plástico para outros usos não especificados anteriormente;1842;4693;38655;17576;1097
Fabricação de vidro plano e de segurança;1006;1997;10596;3316;1205
Fabricação de embalagens de vidro;0;718;6165;243;6
Fabricação de artigos de vidro;30;1746;9563;4420;245
Fabricação de cimento;1047;3355;4855;1824;1829
Fabricação de estruturas pré-moldadas de concreto armado, em série e sob encomenda;1586;7423;10668;8220;2957
Fabricação de artefatos de cimento para uso na construção;560;4058;13633;8994;2719
Fabricação de artefatos de fibrocimento para uso na construção;370;366;1462;1739;517
Fabricação de casas pré-moldadas de concreto;4;7;58;72;13
Preparação de massa de concreto e argamassa para construção;639;1351;7289;3700;1293
Fabricação de outros artefatos e produtos de concreto, cimento, fibrocimento, gesso e materiais semelhantes;813;3591;7261;4390;1186
Fabricação de produtos cerâmicos refratários;225;1163;5999;706;429
Fabricação de azulejos e pisos;30;4693;13910;9554;58
Fabricação de artefatos de cerâmica e barro cozido para uso na construção, exceto azulejos e pisos;6928;24588;25929;10953;5862
Fabricação de material sanitário de cerâmica;0;2927;5542;491;0
Fabricação de produtos cerâmicos não-refratários não especificados anteriormente;79;1121;6583;4412;483
Britamento de pedras, exceto associado à extração;107;710;1256;526;150
Aparelhamento de pedras para construção, exceto associado à extração;67;444;3397;581;206
Aparelhamento de placas e execução de trabalhos em mármore, granito, ardósia e outras pedras;715;4480;23512;6704;2401
Fabricação de cal e gesso;50;2407;3287;1683;114
Decoração, lapidação, gravação, vitrificação e outros trabalhos em cerâmica, louça, vidro e cristal;15;351;3046;774;40
Fabricação de abrasivos;0;1;136;55;0
Fabricação de outros produtos de minerais não-metálicos não especificados anteriormente;161;1630;12905;1918;294
Produção de ferro-gusa;232;1851;9028;1;440
Produção de ferroligas;46;1948;5085;63;1040
Produção de semi-acabados de aço;3;2440;4060;49;2
Produção de laminados planos de aço ao carbono, revestidos ou não;50;338;27986;682;50
Produção de laminados planos de aços especiais;0;0;2991;18;0
Produção de tubos de aço sem costura;0;25;5564;21;0
Produção de laminados longos de aço, exceto tubos;1258;1796;15734;2390;150
Produção de arames de aço;0;548;3807;84;141
Produção de relaminados, trefilados e perfilados de aço, exceto arames;76;605;5480;827;521
Produção de tubos de aço com costura;2;2136;4821;1627;160
Produção de outros tubos de ferro e aço;18;122;1632;346;16
Produção de alumínio e suas ligas em formas primárias;3365;1476;7643;724;209
Produção de laminados de alumínio;1;910;5222;1393;115
Metalurgia dos metais preciosos;125;10;638;27;4
Metalurgia do cobre;27;1085;3694;165;118
Produção de zinco em formas primárias;0;4;1467;20;0
Produção de laminados de zinco;0;20;29;2;3
Produção de soldas e ânodos para galvanoplastia;3;9;130;19;0
Metalurgia de outros metais não-ferrosos e suas ligas não especificados anteriormente;839;397;8070;1670;96
Fundição de ferro e aço;105;695;19989;23430;146
Fundição de metais não-ferrosos e suas ligas;519;200;7984;4055;183
Fabricação de estruturas metálicas;1823;5533;20011;12810;4052
Fabricação de esquadrias de metal;629;6164;23606;15442;3406
Fabricação de obras de caldeiraria pesada;226;1689;9300;1025;97
Fabricação de tanques, reservatórios metálicos e caldeiras para aquecimento central;150;470;3504;1982;369
Fabricação de caldeiras geradoras de vapor, exceto para aquecimento central e para veículos;1;31;2020;820;10
Produção de forjados de aço;0;91;2285;1138;28
Produção de forjados de metais não-ferrosos e suas ligas;0;22;991;209;28
Produção de artefatos estampados de metal;1432;976;15168;5535;835
Metalurgia do pó;2;5;986;336;0
Serviços de usinagem, solda, tratamento e revestimento em metais (Desativado);0;0;0;0;0
Serviços de usinagem, tornearia e solda;606;2938;18832;10022;1604
Serviços de tratamento e revestimento em metais;20;418;5777;2281;96
Fabricação de artigos de cutelaria;1326;43;968;5645;22
Fabricação de artigos de serralheria, exceto esquadrias;343;2815;19716;5830;1766
Fabricação de ferramentas;60;93;11328;9543;212
Fabricação de equipamento bélico pesado, exceto veículos militares de combate;0;0;2240;187;19
Fabricação de armas de fogo e munições;0;0;2071;3014;0
Fabricação de embalagens metálicas;574;2064;12135;2330;916
Fabricação de produtos de trefilados de metal padronizados;140;662;7185;5015;141
Fabricação de produtos de trefilados de metal, exceto padronizados;71;416;8627;2014;208
Fabricação de artigos de metal para uso doméstico e pessoal;147;2540;9373;8051;326
Serviços de confecção de armações metálicas para a construção;198;684;2850;992;466
Serviços de corte e dobra de metais;15;88;516;220;60
Fabricação de outros produtos de metal não especificados anteriormente;749;1998;47583;22398;2695
Fabricação de componentes eletrônicos;10075;385;12735;6317;148
Fabricação de equipamentos de informática;1181;680;5821;1534;34
Fabricação de periféricos para equipamentos de informática;5835;224;16377;2341;21
Fabricação de equipamentos transmissores de comunicação, peças e acessórios;297;153;4283;1505;25
Fabricação de aparelhos telefônicos e de outros equipamentos de comunicação, peças e acessórios;839;20;6131;2993;0
Fabricação de aparelhos de recepção, reprodução, gravação e amplificação de áudio e vídeo;5639;439;2830;2121;108
Fabricação de aparelhos e equipamentos de medida, teste e controle;307;292;11477;5671;186
Fabricação de cronômetros e relógios;1474;2;543;316;0
Fabricação de aparelhos eletromédicos e eletroterapêuticos e equipamentos de irradiação;0;50;4512;848;82
Fabricação de equipamentos e instrumentos ópticos, peças e acessórios;13;275;405;60;1
Fabricação de aparelhos fotográficos e cinematográficos, peças e acessórios;585;0;177;69;0
Fabricação de mídias virgens, magnéticas e ópticas;0;5;2;11;7
Fabricação de geradores de corrente contínua e alternada, peças e acessórios;9;2515;1610;1389;41
Fabricação de transformadores, indutores, conversores, sincronizadores e semelhantes, peças e acessórios;430;94;7239;4340;637
Fabricação de motores elétricos, peças e acessórios;257;53;4164;7398;18
Fabricação de pilhas, baterias e acumuladores elétricos, exceto para veículos automotores;459;546;1051;46;4
Fabricação de baterias e acumuladores para veículos automotores;38;1696;3289;3166;162
Recondicionamento de baterias e acumuladores para veículos automotores;0;6;33;34;0
Fabricação de aparelhos e equipamentos para distribuição e controle de energia elétrica;154;464;11328;5551;779
Fabricação de material elétrico para instalações em circuito de consumo;315;65;4641;2897;179
Fabricação de fios, cabos e condutores elétricos isolados;2301;423;14157;4291;386
Fabricação de lâmpadas;27;60;468;268;11
Fabricação de luminárias e outros equipamentos de iluminação;18;359;6203;2186;60
Fabricação de fogões, refrigeradores e máquinas de lavar e secar para uso doméstico, peças e acessórios;800;3258;10203;13684;985
Fabricação de aparelhos elétricos de uso pessoal, peças e acessórios;356;0;291;432;28
Fabricação de outros aparelhos eletrodomésticos não especificados anteriormente, peças e acessórios;314;4613;10262;2177;78
Fabricação de eletrodos, contatos e outros artigos de carvão e grafita para uso elétrico, eletroímãs e isoladores;0;82;1606;81;0
Fabricação de equipamentos para sinalização e alarme;0;85;2249;679;18
Fabricação de outros equipamentos e aparelhos elétricos não especificados anteriormente;484;1279;12217;6487;690
Fabricação de motores e turbinas, peças e acessórios, exceto para aviões e veículos rodoviários;82;712;4017;584;2
Fabricação de equipamentos hidráulicos e pneumáticos, peças e acessórios, exceto válvulas;59;217;7749;2837;237
Fabricação de válvulas, registros e dispositivos semelhantes, peças e acessórios;11;416;10261;4786;370
Fabricação de compressores para uso industrial, peças e acessórios;2;0;1026;8682;1
Fabricação de compressores para uso não-industrial, peças e acessórios;0;0;2267;3;0
Fabricação de rolamentos para fins industriais;0;1;1022;45;1
Fabricação de equipamentos de transmissão para fins industriais, exceto rolamentos;122;42;6356;1922;36
Fabricação de fornos industriais, aparelhos e equipamentos não-elétricos para instalações térmicas, peças e acessórios;72;125;2374;445;93
Fabricação de estufas e fornos elétricos para fins industriais, peças e acessórios;4;38;601;441;7
Fabricação de máquinas, equipamentos e aparelhos para transporte e elevação de pessoas, peças e acessórios;32;397;2651;2156;170
Fabricação de máquinas, equipamentos e aparelhos para transporte e elevação de cargas, peças e acessórios;102;171;7462;5047;53
Fabricação de máquinas e aparelhos de refrigeração e ventilação para uso industrial e comercial, peças e acessórios;143;1321;8180;9947;394
Fabricação de aparelhos e equipamentos de ar condicionado para uso industrial;2;0;306;274;6
Fabricação de aparelhos e equipamentos de ar condicionado para uso não-industrial;2151;33;987;804;23
Fabricação de máquinas e equipamentos para saneamento básico e ambiental, peças e acessórios;21;94;1886;1188;43
Fabricação de máquinas de escrever, calcular e outros equipamentos não-eletrônicos para escritório, peças e acessórios;51;0;119;155;0
Fabricação de outras máquinas e equipamentos de uso geral não especificados anteriormente, peças e acessórios;938;1387;29993;12333;513
Fabricação de tratores agrícolas, peças e acessórios;68;5;1820;3880;13
Fabricação de equipamentos para irrigação agrícola, peças e acessórios;2;182;1888;370;0
Fabricação de máquinas e equipamentos para a agricultura e pecuária, peças e acessórios, exceto para irrigação;16;811;27681;33329;2184
Fabricação de máquinas-ferramenta, peças e acessórios;50;353;8705;6388;302
Fabricação de máquinas e equipamentos para a prospecção e extração de petróleo, peças e acessórios;0;417;3782;2909;0
Fabricação de outras máquinas e equipamentos para uso na extração mineral, peças e acessórios, exceto na extração de petróleo;217;43;4066;249;100
Fabricação de tratores, peças e acessórios, exceto agrícolas;0;10;5004;726;5
Fabricação de máquinas e equipamentos para terraplenagem, pavimentação e construção, peças e acessórios, exceto tratores;63;6;4656;931;66
Fabricação de máquinas para a indústria metalúrgica, peças e acessórios, exceto máquinas-ferramenta;3;116;2916;2314;45
Fabricação de máquinas e equipamentos para as indústrias de alimentos, bebidas e fumo, peças e acessórios;40;387;9157;7267;381
Fabricação de máquinas e equipamentos para a indústria têxtil, peças e acessórios;0;37;672;973;35
Fabricação de máquinas e equipamentos para as indústrias do vestuário, do couro e de calçados, peças e acessórios;1;30;852;1646;1
Fabricação de máquinas e equipamentos para as indústrias de celulose, papel e papelão e artefatos, peças e acessórios;0;12;1463;1738;3
Fabricação de máquinas e equipamentos para a indústria do plástico, peças e acessórios;0;82;1302;643;29
Fabricação de máquinas e equipamentos para uso industrial específico não especificados anteriormente, peças e acessórios;139;865;23405;12802;253
Fabricação de automóveis, camionetas e utilitários;3;11824;50872;12532;2575
Fabricação de chassis com motor para automóveis, camionetas e utilitários;0;0;975;0;204
Fabricação de motores para automóveis, camionetas e utilitários;0;0;3917;803;0
Fabricação de caminhões e ônibus;0;16;15384;5564;55
Fabricação de motores para caminhões e ônibus;0;1;2366;0;0
Fabricação de cabines, carrocerias e reboques para caminhões;487;1394;10590;10366;1010
Fabricação de carrocerias para ônibus;0;12;5149;9995;0
Fabricação de cabines, carrocerias e reboques para outros veículos automotores, exceto caminhões e ônibus;142;308;2024;1225;647
Fabricação de peças e acessórios para o sistema motor de veículos automotores;422;235;25648;6980;67
Fabricação de peças e acessórios para os sistemas de marcha e transmissão de veículos automotores;423;731;6064;4082;29
Fabricação de peças e acessórios para o sistema de freios de veículos automotores;648;646;8425;4481;0
Fabricação de peças e acessórios para o sistema de direção e suspensão de veículos automotores;5;186;10551;3139;12
Fabricação de material elétrico e eletrônico para veículos automotores, exceto baterias;1620;3079;17660;9644;44
Fabricação de bancos e estofados para veículos automotores;0;1218;6164;1051;28
Fabricação de outras peças e acessórios para veículos automotores não especificadas anteriormente;819;7028;112660;23534;223
Recondicionamento e recuperação de motores para veículos automotores;541;1239;4654;1901;1108
Construção de embarcações de grande porte;900;3944;8654;2118;0
Construção de embarcações para uso comercial e para usos especiais, exceto de grande porte;600;557;758;294;106
Construção de embarcações para esporte e lazer;63;269;1227;965;109
Fabricação de locomotivas, vagões e outros materiais rodantes;0;28;2335;14;7
Fabricação de peças e acessórios para veículos ferroviários;0;37;1141;354;3
Fabricação de aeronaves;0;18;15170;35;11
Fabricação de turbinas, motores e outros componentes e peças para aeronaves;0;0;3119;0;6
Fabricação de veículos militares de combate;0;0;0;0;0
Fabricação de motocicletas, peças e acessórios(Desativado);0;0;0;0;0
Fabricação de motocicletas;7287;1;162;1073;0
Fabricação de peças e acessórios para motocicletas;1835;286;420;304;3
Fabricação de bicicletas e triciclos não-motorizados, peças e acessórios;1404;746;3925;1954;19
Fabricação de equipamentos de transporte não especificados anteriormente;955;138;1666;546;43
Fabricação de móveis com predominância de madeira;2190;13680;69727;81571;6779
Fabricação de móveis com predominância de metal;140;3176;14797;7371;1206
Fabricação de móveis de outros materiais, exceto madeira e metal;97;1318;2575;3082;260
Fabricação de colchões;1759;5716;8775;5048;2963
Lapidação de gemas;2;7;182;774;24
Fabricação de artefatos de joalheria e ourivesaria;497;308;5707;2797;275
Cunhagem de moedas e medalhas;0;0;0;48;0
Fabricação de bijuterias e artefatos semelhantes;5;769;4824;850;382
Fabricação de instrumentos musicais, peças e acessórios;0;15;1427;153;2
Fabricação de artefatos para pesca e esporte;119;201;1884;1214;225
Fabricação de jogos eletrônicos;0;0;47;5;0
Fabricação de mesas de bilhar, de sinuca e acessórios não associada à locação;2;11;22;5;3
Fabricação de mesas de bilhar, de sinuca e acessórios associada à locação;32;76;125;310;79
Fabricação de outros brinquedos e jogos recreativos não especificados anteriormente;39;227;8957;1620;712
Fabricação de instrumentos não-eletrônicos e utensílios para uso médico, cirúrgico, odontológico e de laboratório;15;197;8754;3403;271
Fabricação de mobiliário para uso médico, cirúrgico, odontológico e de laboratório;4;10;897;567;135
Fabricação de aparelhos e utensílios para correção de defeitos físicos e aparelhos ortopédicos em geral sob encomenda;19;211;1448;270;45
Fabricação de aparelhos e utensílios para correção de defeitos físicos e aparelhos ortopédicos em geral, exceto sob encomenda;2;250;2161;595;68
Fabricação de materiais para medicina e odontologia;374;148;14273;3637;928
Serviços de prótese dentária;199;1372;5513;2250;1012
Fabricação de artigos ópticos;724;741;5793;1401;395
Fabricação de artefatos de tecido não tecido para uso odonto-médico-hospitalar;0;0;0;0;0
Serviço de laboratório óptico;10;282;87;22;91
Fabricação de escovas, pincéis e vassouras;67;496;2709;3586;130
Fabricação de roupas de proteção e segurança e resistentes a fogo;0;82;206;105;0
Fabricação de equipamentos e acessórios para segurança pessoal e profissional;163;449;7178;3430;148
Fabricação de guarda-chuvas e similares;2;12;233;106;0
Fabricação de canetas, lápis e outros artigos para escritório;190;24;3039;190;54
Fabricação de letras, letreiros e placas de qualquer material, exceto luminosos;294;1106;3200;2692;574
Fabricação de painéis e letreiros luminosos;109;479;1912;1665;347
Fabricação de aviamentos para costura;1;577;1340;1495;21
Fabricação de velas, inclusive decorativas;14;143;152;53;2
Fabricação de produtos diversos não especificados anteriormente;193;1018;8391;2799;459
Manutenção e reparação de tanques, reservatórios metálicos e caldeiras, exceto para veículos;366;1061;4067;1029;514
Manutenção e reparação de equipamentos transmissores de comunicação;0;0;0;0;0
Manutenção e reparação de aparelhos e instrumentos de medida, teste e controle;285;1254;5959;1685;236
Manutenção e reparação de aparelhos eletromédicos e eletroterapêuticos e equipamentos de irradiação;177;807;1345;365;257
Manutenção e reparação de equipamentos e instrumentos ópticos;8;7;124;11;3
Manutenção e reparação de geradores, transformadores e motores elétricos;531;1598;4837;1428;898
Manutenção e reparação de baterias e acumuladores elétricos, exceto para veículos;2;5;318;43;6
Manutenção e reparação de máquinas, aparelhos e materiais elétricos não especificados anteriormente;133;1318;3138;837;312
Manutenção e reparação de máquinas motrizes não-elétricas;156;459;1109;111;56
Manutenção e reparação de equipamentos hidráulicos e pneumáticos, exceto válvulas;107;402;1803;499;292
Manutenção e reparação de válvulas industriais;1;157;904;116;19
Manutenção e reparação de compressores;35;129;626;155;67
Manutenção e reparação de equipamentos de transmissão para fins industriais;105;158;826;289;131
Manutenção e reparação de máquinas, aparelhos e equipamentos para instalações térmicas;123;160;850;116;123
Manutenção e reparação de máquinas e aparelhos de refrigeração e ventilação para uso industrial e comercial;568;1699;4431;1356;455
Manutenção e reparação de máquinas, equipamentos e aparelhos para transporte e elevação de cargas;77;333;2117;825;185
Manutenção e reparação de máquinas de escrever, calcular e de outros equipamentos não-eletrônicos para escritório;7;134;321;70;44
Manutenção e reparação de máquinas e equipamentos para uso geral não especificados anteriormente;941;1674;12478;3236;590
Manutenção e reparação de máquinas e equipamentos para agricultura e pecuária;66;408;1824;1435;1176
Manutenção e reparação de tratores agrícolas;90;115;528;385;288
Manutenção e reparação de máquinas-ferramenta;120;244;2739;726;187
Manutenção e reparação de máquinas e equipamentos para a prospecção e extração de petróleo;1;152;3121;2;0
Manutenção e reparação de máquinas e equipamentos para uso na extração mineral, exceto na extração de petróleo;54;14;424;81;84
Manutenção e reparação de tratores, exceto agrícolas;25;33;181;92;23
Manutenção e reparação de máquinas e equipamentos de terraplenagem, pavimentação e construção, exceto tratores;31;100;325;226;67
Manutenção e reparação de máquinas para a indústria metalúrgica, exceto máquinas-ferramenta;10;428;3461;454;104
Manutenção e reparação de máquinas e equipamentos para as indústrias de alimentos, bebidas e fumo;74;399;927;670;191
Manutenção e reparação de máquinas e equipamentos para a indústria têxtil, do vestuário, do couro e calçados;3;120;253;181;2
Manutenção e reparação de máquinas e aparelhos para a indústria de celulose, papel e papelão e artefatos;0;3;1309;660;6
Manutenção e reparação de máquinas e aparelhos para a indústria do plástico;0;182;160;148;53
Manutenção e reparação de outras máquinas e equipamentos para usos industriais não especificados anteriormente;177;1611;10757;2490;765
Manutenção e reparação de veículos ferroviários;5;174;1546;292;0
Manutenção e reparação de aeronaves, exceto a manutenção na pista;10;188;4785;372;626
Manutenção de aeronaves na pista;3;1;426;45;24
Manutenção e reparação de embarcações e estruturas flutuantes;455;470;3511;510;5
Manutenção e reparação de embarcações para esporte e lazer;35;56;287;88;67
Manutenção e reparação de equipamentos e produtos não especificados anteriormente;144;1293;4134;1386;614
Instalação de máquinas e equipamentos industriais;615;1881;16619;5504;1847
Serviços de montagem de móveis de qualquer material;378;1693;5756;1490;1288
Instalação de outros equipamentos não especificados anteriormente;95;437;1725;424;191
Geração de energia elétrica (Desativado);0;0;0;0;0
Geração de energia elétrica;4462;6856;12798;6677;3567
Atividades de coordenação e controle da operação da geração e transmissão de energia elétrica;12;14;512;5;142
Transmissão de energia elétrica;80;1628;6309;2087;531
Comércio atacadista de energia elétrica;14;342;1463;234;56
Distribuição de energia elétrica;6427;14729;28883;17043;6379
Produção de gás, processamento de gás natural;2;792;2030;445;81
Distribuição de combustíveis gasosos por redes urbanas;126;105;322;91;24
Produção e distribuição de vapor, água quente e ar condicionado;36;80;442;53;18
Captação, tratamento e distribuição de água;7078;27286;61063;22091;12692
Distribuição de água por caminhões;36;703;1145;56;22
Gestão de redes de esgoto;24;1204;3287;409;716
Atividades relacionadas a esgoto, exceto a gestão de redes;701;1657;2315;1720;956
Coleta de resíduos não-perigosos;5315;31737;64149;18120;7625
Coleta de resíduos perigosos;642;1512;2244;1250;667
Tratamento e disposição de resíduos não-perigosos;147;1233;24767;1641;296
Tratamento e disposição de resíduos perigosos;453;992;2673;651;190
Recuperação de sucatas de alumínio;83;272;612;314;417
Recuperação de materiais metálicos, exceto alumínio;366;725;4138;1280;328
Recuperação de materiais plásticos;283;1625;4283;3354;569
Usinas de compostagem;1;66;429;403;50
Recuperação de materiais não especificados anteriormente;627;1307;4061;2174;3281
Descontaminação e outros serviços de gestão de resíduos;96;230;571;256;546
Incorporação de empreendimentos imobiliários;3162;28310;47369;25407;11088
Construção de edifícios;39012;169277;284260;110221;60604
Construção de rodovias e ferrovias;7830;23290;60439;19767;13496
Pintura para sinalização em pistas rodoviárias e aeroportos;151;423;2187;1204;130
Construção de obras-de-arte especiais;615;4605;12961;4190;994
Obras de urbanização - ruas, praças e calçadas;1510;4857;26311;5896;3714
Construção de barragens e represas para geração de energia elétrica;2844;1226;78;2331;2043
Construção de estações e redes de distribuição de energia elétrica;6542;15878;26882;8644;7402
Manutenção de redes de distribuição de energia elétrica;1460;4233;8033;1954;2463
Construção de estações e redes de telecomunicações;1755;3308;18047;2355;6414
Manutenção de estações e redes de telecomunicações;2540;10088;35456;9211;497
Construção de redes de abastecimento de água, coleta de esgoto e construções correlatas, exceto obras de irrigação;986;9438;13007;5205;3252
Obras de irrigação;19;368;465;6;37
Construção de redes de transportes por dutos, exceto para água e esgoto;11;450;1639;223;4
Obras portuárias, marítimas e fluviais;79;529;1557;1133;6
Montagem de estruturas metálicas;1420;4862;12220;7410;2053
Obras de montagem industrial;5808;5442;33503;3848;2287
Construção de instalações esportivas e recreativas;31;2943;1480;499;310
Outras obras de engenharia civil não especificadas anteriormente;3346;13252;46429;8405;5001
Demolição de edifícios e outras estruturas;98;504;1919;244;22
Preparação de canteiro e limpeza de terreno;60;507;747;533;320
Perfurações e sondagens;434;507;5299;398;1052
Obras de terraplenagem;5865;9525;24573;11886;4970
Serviços de preparação do terreno não especificados anteriormente;1347;267;1420;928;904
Instalação e manutenção elétrica;14625;24323;86668;24939;9785
Instalações hidráulicas, sanitárias e de gás;207;1360;12544;3428;859
Instalação e manutenção de sistemas centrais de ar condicionado, de ventilação e refrigeração;2726;6439;29061;4299;3440
Instalações de sistema de prevenção contra incêndio;180;312;4172;595;245
Instalação de painéis publicitários;60;559;2116;506;407
Instalação de equipamentos para orientação à navegação marítima, fluvial e lacustre;2;9;36;1;47
Instalação, manutenção e reparação de elevadores, escadas e esteiras rolantes, exceto de fabricação própria;308;1547;10346;2297;1207
Montagem e instalação de sistemas e equipamentos de iluminação e sinalização em vias públicas, portos e aeroportos;75;1410;3624;890;575
Tratamentos térmicos, acústicos ou de vibração;35;139;3408;207;86
Outras obras de instalações em construções não especificadas anteriormente;337;4091;14216;2880;565
Impermeabilização em obras de engenharia civil;32;1022;5003;1340;337
Instalação de portas, janelas, tetos, divisórias e armários embutidos de qualquer material;328;1646;5945;1725;1057
Obras de acabamento em gesso e estuque;323;1604;7102;1893;538
Serviços de pintura de edifícios em geral;540;3224;17135;8695;2393
Aplicação de revestimentos e de resinas em interiores e exteriores;208;991;4973;2321;488
Outras obras de acabamento da construção;367;2899;25114;6453;1699
Obras de fundações;739;2091;11881;2595;1205
Administração de obras;957;2422;12709;2050;1019
Montagem e desmontagem de andaimes e outras estruturas temporárias;130;2374;8095;871;138
Obras de alvenaria;3447;3574;26716;15148;3721
Serviços de operação e fornecimento de equipamentos para transporte e elevação de cargas e pessoas para uso em obras;1135;1727;7023;1077;545
Perfuração e construção de poços de água;336;1644;1689;640;547
Serviços especializados para construção não especificados anteriormente;939;6610;22376;8200;2968
Comércio a varejo de automóveis, camionetas e utilitários novos;9374;29083;73653;36078;17909
Comércio a varejo de automóveis, camionetas e utilitários usados;780;3760;11996;6651;2220
Comércio por atacado de automóveis, camionetas e utilitários novos e usados;511;1882;4805;843;306
Comércio por atacado de caminhões novos e usados;824;2188;7618;4818;1849
Comércio por atacado de reboques e semi-reboques novos e usados;2;22;248;344;244
Comércio por atacado de ônibus e microônibus novos e usados;12;37;281;93;3
Representantes comerciais e agentes do comércio de veículos automotores;207;973;3248;727;354
Comércio sob consignação de veículos automotores;117;343;755;473;547
Serviços de manutenção e reparação mecânica de veículos automotores;4953;15287;54852;30213;13819
Serviços de lanternagem ou funilaria e pintura de veículos automotores;551;3030;10262;4418;1993
Serviços de manutenção e reparação elétrica de veículos automotores;271;1306;2976;2370;922
Serviços de alinhamento e balanceamento de veículos automotores;386;758;3200;1143;1194
Serviços de lavagem, lubrificação e polimento de veículos automotores;863;3979;12440;4967;2470
Serviços de borracharia para veículos automotores;266;846;3329;2476;1070
Serviços de instalação, manutenção e reparação de acessórios para veículos automotores;644;2582;9189;2954;1112
Serviços de capotaria;15;91;84;11;20
Comércio por atacado de peças e acessórios novos para veículos automotores;3664;10924;36000;14274;9947
Comércio por atacado de pneumáticos e câmaras-de-ar;412;1207;2946;1785;552
Comércio a varejo de peças e acessórios novos para veículos automotores;15922;44123;136582;57871;34856
Comércio a varejo de peças e acessórios usados para veículos automotores;397;1384;4932;3230;1252
Comércio a varejo de pneumáticos e câmaras-de-ar;2616;6439;20652;8654;4847
Representantes comerciais e agentes do comércio de peças e acessórios novos e usados para veículos automotores;110;223;465;225;130
Comércio por atacado de motocicletas e motonetas;672;724;1041;226;392
Comércio por atacado de peças e acessórios para motocicletas e motonetas;796;2283;2352;1034;1295
Comércio a varejo de motocicletas e motonetas novas;4739;11024;9947;3582;3612
Comércio a varejo de motocicletas e motonetas usadas;250;1121;1391;685;365
Comércio a varejo de peças e acessórios para motocicletas e motonetas (Desativado);0;0;0;0;0
Comércio a varejo de peças e acessórios novos para motocicletas e motonetas;1815;4975;6818;2617;2258
Comércio a varejo de peças e acessórios usados para motocicletas e motonetas;67;171;293;184;114
Representantes comerciais e agentes do comércio de motocicletas e motonetas, peças e acessórios;16;71;66;18;132
Comércio sob consignação de motocicletas e motonetas;12;68;86;30;18
Manutenção e reparação de motocicletas e motonetas;473;1425;2655;1252;848
Representantes comerciais e agentes do comércio de matérias-primas agrícolas e animais vivos;141;446;990;1357;345
Representantes comerciais e agentes do comércio de combustíveis, minerais, produtos siderúrgicos e químicos;77;233;1115;372;209
Representantes comerciais e agentes do comércio de madeira, material de construção e ferragens;242;811;1234;553;392
Representantes comerciais e agentes do comércio de máquinas, equipamentos, embarcações e aeronaves;301;464;1339;771;446
Representantes comerciais e agentes do comércio de eletrodomésticos, móveis e artigos de uso doméstico;149;464;1523;457;86
Representantes comerciais e agentes do comércio de têxteis, vestuário, calçados e artigos de viagem;142;661;2079;724;241
Representantes comerciais e agentes do comércio de produtos alimentícios, bebidas e fumo;600;3160;3902;1437;454
Representantes comerciais e agentes do comércio de medicamentos, cosméticos e produtos de perfumaria;116;451;481;93;56
Representantes comerciais e agentes do comércio de instrumentos e materiais odonto-médico-hospitalares;64;206;410;61;135
Representantes comerciais e agentes do comércio de jornais, revistas e outras publicações;29;21;168;41;92
Outros representantes comerciais e agentes do comércio especializado em produtos não especificados anteriormente;431;1113;2924;1328;519
Representantes comerciais e agentes do comércio de mercadorias em geral não especializado;1164;2169;6931;2850;1144
Comércio atacadista de café em grão;112;235;6789;140;18
Comércio atacadista de soja;799;494;1330;7737;3299
Comércio atacadista de animais vivos;527;128;924;780;239
Comércio atacadista de couros, lãs, peles e outros subprodutos não-comestíveis de origem animal;157;199;778;643;186
Comércio atacadista de algodão;6;99;154;1;342
Comércio atacadista de fumo em folha não beneficiado;0;0;1;395;0
Comércio atacadista de cacau;44;296;63;0;0
Comércio atacadista de sementes, flores, plantas e gramas;306;824;4627;2465;1630
Comércio atacadista de sisal;0;8;0;0;0
Comércio atacadista de matérias-primas agrícolas com atividade de fracionamento e acondicionamento associada;118;132;427;1723;471
Comércio atacadista de alimentos para animais;838;2313;7341;2594;1367
Comércio atacadista de matérias-primas agrícolas não especificadas anteriormente;812;405;2953;15797;2645
Comércio atacadista de leite e laticínios;549;2408;12347;2196;834
Comércio atacadista de cereais e leguminosas beneficiados;662;3942;4382;10353;2461
Comércio atacadista de farinhas, amidos e féculas;195;850;1238;1032;349
Comércio atacadista de cereais e leguminosas beneficiados, farinhas, amidos e féculas, com atividade de fracionamento e acondicionamento associada;576;1891;1925;1416;619
Comércio atacadista de frutas, verduras, raízes, tubérculos, hortaliças e legumes frescos;1880;7701;42571;11736;5167
Comércio atacadista de aves vivas e ovos;420;796;1746;460;498
Comércio atacadista de coelhos e outros pequenos animais vivos para alimentação;0;5;0;0;0
Comércio atacadista de carnes bovinas e suínas e derivados;2194;6632;14956;9114;2813
Comércio atacadista de aves abatidas e derivados;457;1206;1350;480;470
Comércio atacadista de pescados e frutos do mar;602;1512;3618;1487;357
Comércio atacadista de carnes e derivados de outros animais;38;387;296;135;12
Comércio atacadista de água mineral;399;1147;2334;447;314
Comércio atacadista de cerveja, chope e refrigerante;5671;23998;42785;12665;6855
Comércio atacadista de bebidas com atividade de fracionamento e acondicionamento associada;165;2099;1160;336;999
Comércio atacadista de bebidas não especificadas anteriormente;800;3021;5763;2026;495
Comércio atacadista de fumo beneficiado;19;1433;191;392;47
Comércio atacadista de cigarros, cigarrilhas e charutos;147;1146;4322;1597;428
Comércio atacadista de café torrado, moído e solúvel;158;727;659;300;267
Comércio atacadista de açúcar;294;304;548;206;164
Comércio atacadista de óleos e gorduras;11;24;297;77;14
Comércio atacadista de pães, bolos, biscoitos e similares;270;1999;8497;1438;855
Comércio atacadista de massas alimentícias;1351;620;1500;858;82
Comércio atacadista de sorvetes;225;834;2093;1086;855
Comércio atacadista de chocolates, confeitos, balas, bombons e semelhantes;667;1039;2686;1553;318
Comércio atacadista especializado em outros produtos alimentícios não especificados anteriormente;947;4071;14581;6563;1370
Comércio atacadista de produtos alimentícios em geral;12161;30629;65352;18713;11114
Comércio atacadista de produtos alimentícios em geral, com atividade de fracionamento e acondicionamento associada;667;2866;4591;1778;1852
Comércio atacadista de tecidos;263;2915;6230;1615;786
Comércio atacadista de artigos de cama, mesa e banho;213;550;1140;513;160
Comércio atacadista de artigos de armarinho;778;2542;4412;1403;568
Comércio atacadista de artigos do vestuário e acessórios, exceto profissionais e de segurança;802;5214;17510;7106;2082
Comércio atacadista de roupas e acessórios para uso profissional e de segurança do trabalho;136;493;3394;1233;382
Comércio atacadista de calçados;465;980;2232;788;220
Comércio atacadista de bolsas, malas e artigos de viagem;4;153;1376;245;96
Comércio atacadista de medicamentos e drogas de uso humano;4506;12695;32007;7936;6158
Comércio atacadista de medicamentos e drogas de uso veterinário;289;834;2831;1690;285
Comércio atacadista de instrumentos e materiais para uso médico, cirúrgico, hospitalar e de laboratórios;1735;4968;22183;4239;1925
Comércio atacadista de próteses e artigos de ortopedia;40;344;1861;466;187
Comércio atacadista de produtos odontológicos;117;515;3096;2407;364
Comércio atacadista de cosméticos e produtos de perfumaria;2200;6999;30718;4499;3425
Comércio atacadista de produtos de higiene pessoal;685;2840;12046;351;1075
Comércio atacadista de artigos de escritório e de papelaria;558;2704;13769;2210;958
Comércio atacadista de livros, jornais e outras publicações;64;1564;4106;718;213
Comércio atacadista de equipamentos elétricos de uso pessoal e doméstico;238;942;2385;1667;667
Comércio atacadista de aparelhos eletrônicos de uso pessoal e doméstico;215;834;3240;1562;310
Comércio atacadista de bicicletas, triciclos e outros veículos recreativos;1077;822;777;329;139
Comércio atacadista de móveis e artigos de colchoaria;171;2263;2374;967;222
Comércio atacadista de artigos de tapeçaria, persianas e cortinas;12;35;1357;310;94
Comércio atacadista de lustres, luminárias e abajures;2;66;1323;383;28
Comércio atacadista de filmes, CDs, DVDs, fitas e discos;9;40;523;98;10
Comércio atacadista de produtos de higiene, limpeza e conservação domiciliar;926;3886;7212;2039;1123
Comércio atacadista de produtos de higiene, limpeza e conservação domiciliar, com atividade de fracionamento e acondicionamento associada;518;195;1282;528;194
Comércio atacadista de jóias, relógios e bijuterias, inclusive pedras preciosas e semipreciosas lapidadas;77;372;4740;729;292
Comércio atacadista de outros equipamentos e artigos de uso pessoal e doméstico não especificados anteriormente;561;3129;17007;4772;1232
Comércio atacadista de equipamentos de informática;166;1627;15288;2619;887
Comércio atacadista de suprimentos para informática;35;776;1424;544;180
Comércio atacadista de componentes eletrônicos e equipamentos de telefonia e comunicação;232;1826;9354;2288;403
Comércio atacadista de máquinas, aparelhos e equipamentos para uso agropecuário, partes e peças;2120;2193;10264;9956;8376
Comércio atacadista de máquinas, equipamentos para terraplenagem, mineração e construção, partes e peças;1324;1010;4116;542;909
Comércio atacadista de máquinas e equipamentos para uso industrial, partes e peças;533;1753;23346;7463;766
Comércio atacadista de máquinas, aparelhos e equipamentos para uso odonto-médico-hospitalar, partes e peças;189;712;7777;1174;295
Comércio atacadista de máquinas e equipamentos para uso comercial, partes e peças;280;829;4629;1506;559
Comércio atacadista de bombas e compressores, partes e peças;92;248;1405;306;209
Comércio atacadista de outras máquinas e equipamentos não especificados anteriormente, partes e peças;418;1415;17982;3263;1492
Comércio atacadista de madeira e produtos derivados;1436;1308;5817;5800;1172
Comércio atacadista de ferragens e ferramentas;709;4790;14914;5430;1209
Comércio atacadista de material elétrico;478;2016;8723;2821;1262
Comércio atacadista de cimento;380;1015;2075;355;228
Comércio atacadista de tintas, vernizes e similares;177;387;2341;696;440
Comércio atacadista de mármores e granitos;96;410;3172;779;187
Comércio atacadista de vidros, espelhos e vitrais;263;455;2342;783;357
Comércio atacadista especializado de materiais de construção não especificados anteriormente;436;1023;4067;1377;314
Comércio atacadista de materiais de construção em geral;2117;6786;10338;3294;2729
Comércio atacadista de álcool carburante, biodiesel, gasolina e demais derivados de petróleo, exceto lubrificantes, não realizado por transportador re;865;3226;4944;2427;1052
Comércio atacadista de combustíveis realizado por transportador retalhista (TRR);325;343;2753;2304;1233
Comércio atacadista de combustíveis de origem vegetal, exceto álcool carburante;30;35;786;394;204
Comércio atacadista de combustíveis de origem mineral em bruto;8;53;116;77;12
Comércio atacadista de lubrificantes;466;1687;3164;1249;752
Comércio atacadista de gás liqüefeito de petróleo (GLP);1683;2574;7517;2815;1291
Comércio atacadista de defensivos agrícolas, adubos, fertilizantes e corretivos do solo;1412;2941;13013;10532;6290
Comércio atacadista de resinas e elastômeros;8;55;756;354;7
Comércio atacadista de solventes;0;1;66;37;0
Comércio atacadista de outros produtos químicos e petroquímicos não especificados anteriormente;378;1305;7598;2833;288
Comércio atacadista de produtos siderúrgicos e metalúrgicos, exceto para construção;29;665;9565;2719;206
Comércio atacadista de papel e papelão em bruto;86;277;1408;659;71
Comércio atacadista de embalagens;449;1486;13018;3504;1292
Comércio atacadista de resíduos de papel e papelão;178;1154;7879;3171;784
Comércio atacadista de resíduos e sucatas não-metálicos, exceto de papel e papelão;114;672;5028;1105;235
Comércio atacadista de resíduos e sucatas metálicos;561;2351;15730;3876;1145
Comércio atacadista de produtos da extração mineral, exceto combustíveis;133;2920;1912;656;80
Comércio atacadista de fios e fibras têxteis beneficiados;6;148;1272;328;18
Comércio atacadista especializado em outros produtos intermediários não especificados anteriormente;800;1643;22430;8245;1098
Comércio atacadista de mercadorias em geral, com predominância de produtos alimentícios;6662;21078;36413;14974;7033
Comércio atacadista de mercadorias em geral, com predominância de insumos agropecuários;508;747;3605;4538;1910
Comércio atacadista de mercadorias em geral, sem predominância de alimentos ou de insumos agropecuários;2982;14860;35102;7954;4035
Comércio varejista de mercadorias em geral, com predominância de produtos alimentícios - hipermercados;18495;42411;94746;53168;17634
Comércio varejista de mercadorias em geral, com predominância de produtos alimentícios - supermercados;53909;132851;583074;218222;83169
Comércio varejista de mercadorias em geral, com predominância de produtos alimentícios - minimercados, mercearias e armazéns;24983;102654;169644;60653;25488
Lojas de departamentos ou magazines (Desativado);0;0;0;0;0
Lojas de variedades, exceto lojas de departamentos ou magazines;4344;5648;20835;6263;2139
Lojas duty free de aeroportos internacionais (Desativado);0;0;0;0;0
Lojas de departamentos ou magazines, exceto lojas francas (Duty free);6250;29336;58333;15021;5278
Lojas francas (Duty Free) de aeroportos, portos e em fronteiras terrestres;53;119;1825;84;136
Padaria e confeitaria com predominância de produção própria (Desativado);0;0;0;0;0
Padaria e confeitaria com predominância de revenda;8068;26648;150862;35821;18930
Comércio varejista de laticínios e frios;1015;4773;8817;1714;1410
Comércio varejista de doces, balas, bombons e semelhantes;1738;7585;29756;5619;2931
Comércio varejista de carnes - açougues;3181;12042;46647;7750;5672
Peixaria;352;1323;3574;1167;424
Comércio varejista de bebidas;2878;11707;26655;8712;6663
Comércio varejista de hortifrutigranjeiros;1482;10275;43567;7682;4420
Tabacaria;119;372;1791;936;258
Comércio varejista de mercadorias em lojas de conveniência;767;2159;1576;1490;899
Comércio varejista de produtos alimentícios em geral ou especializado em produtos alimentícios não especificados anteriormente;8185;21076;72427;23685;13311
Comércio varejista de combustíveis para veículos automotores;26288;66611;153952;72349;34107
Comércio varejista de lubrificantes;890;3739;5702;1460;959
Comércio varejista de tintas e materiais para pintura;1631;4116;18839;8591;3212
Comércio varejista de material elétrico;1973;5682;27140;11534;4828
Comércio varejista de vidros;1686;5102;17351;7338;2863
Comércio varejista de ferragens e ferramentas;7314;13646;50190;20875;9625
Comércio varejista de madeira e artefatos;1330;9315;26643;8694;4185
Comércio varejista de materiais hidráulicos;311;1881;5904;1710;718
Comércio varejista de cal, areia, pedra britada, tijolos e telhas;500;1269;3375;1680;835
Comércio varejista de materiais de construção não especificados anteriormente;3980;19136;83685;27421;13649
Comércio varejista de pedras para revestimento;32;332;509;256;191
Comércio varejista de materiais de construção em geral;20351;63380;107948;46115;23876
Comércio varejista especializado de equipamentos e suprimentos de informática (Desativado);0;0;0;0;0
Comércio varejista especializado de equipamentos e suprimentos de informática;3588;13209;44102;15276;7241
Recarga de cartuchos para equipamentos de informática;49;261;522;333;71
Comércio varejista especializado de equipamentos de telefonia e comunicação;3374;11273;40512;13105;8465
Comércio varejista especializado de eletrodomésticos e equipamentos de áudio e vídeo;11079;28359;94075;32601;17874
Comércio varejista de móveis;10859;49285;71970;43705;14765
Comércio varejista de artigos de colchoaria;822;3269;8618;2049;1266
Comércio varejista de artigos de iluminação;123;790;4334;1277;428
Comércio varejista de tecidos;3636;9513;14344;4383;3515
Comercio varejista de artigos de armarinho;5375;17495;20745;6380;2584
Comercio varejista de artigos de cama, mesa e banho;1483;7330;14619;4279;2394
Comércio varejista especializado de instrumentos musicais e acessórios;377;823;2762;858;557
Comércio varejista especializado de peças e acessórios para aparelhos eletroeletrônicos para uso doméstico, exceto informática e comunicação;1617;4292;14677;6021;2487
Comércio varejista de artigos de tapeçaria, cortinas e persianas;446;1318;7067;2618;1427
Comércio varejista de outros artigos de uso doméstico não especificados anteriormente;2106;8906;34305;16008;5393
Comércio varejista de livros;1419;5512;20683;5600;2029
Comércio varejista de jornais e revistas;82;463;2637;1361;371
Comércio varejista de artigos de papelaria;3849;9900;35392;11594;5937
Comércio varejista de discos, CDs, DVDs e fitas;121;371;1513;535;147
Comércio varejista de brinquedos e artigos recreativos;1145;4852;14530;5716;2296
Comércio varejista de artigos esportivos;1272;4759;21227;5509;2318
Comércio varejista de bicicletas e triciclos, peças e acessórios;1079;3540;6253;2012;1263
Comércio varejista de artigos de caça, pesca e camping;572;573;2299;1044;649
Comércio varejista de embarcações e outros veículos recreativos, peças e acessórios;386;168;1126;499;189
Comércio varejista de produtos farmacêuticos, sem manipulação de fórmulas;20782;81703;195256;69508;33620
Comércio varejista de produtos farmacêuticos, com manipulação de fórmulas;1828;5968;35061;10249;4382
Comércio varejista de produtos farmacêuticos homeopáticos;264;903;1577;693;559
Comércio varejista de medicamentos veterinários;3483;5022;10453;5873;6396
Comércio varejista de cosméticos, produtos de perfumaria e de higiene pessoal;5710;22701;61717;14960;8277
Comércio varejista de artigos médicos e ortopédicos;795;3465;9961;3865;1941
Comércio varejista de artigos de óptica;4481;19536;34044;9912;5727
Comércio varejista de artigos do vestuário e acessórios;38803;111221;343460;129182;54386
Comércio varejista de calçados;9076;39473;86100;31271;14329
Comércio varejista de artigos de viagem;597;3640;8100;1761;1158
Comércio varejista de artigos de joalheria;1259;4218;16538;7524;2254
Comércio varejista de artigos de relojoaria;362;1231;2604;1468;336
Comércio varejista de gás liqüefeito de petróleo (GLP);3454;15137;21374;6906;4916
Comércio varejista de antigüidades;6;56;308;74;40
Comércio varejista de outros artigos usados;117;600;2741;909;430
Comércio varejista de suvenires, bijuterias e artesanatos;2530;11500;29221;9463;4048
Comércio varejista de plantas e flores naturais;627;3033;14957;6240;2570
Comércio varejista de objetos de arte;34;236;1336;287;101
Comércio varejista de animais vivos e de artigos e alimentos para animais de estimação;1989;7596;36968;11049;5235
Comércio varejista de produtos saneantes domissanitários;579;3315;10803;3304;1758
Comércio varejista de fogos de artifício e artigos pirotécnicos;26;106;208;70;35
Comércio varejista de equipamentos para escritório;448;1364;3824;1856;892
Comércio varejista de artigos fotográficos e para filmagem;399;1488;5465;2537;545
Comércio varejista de armas e munições;64;241;266;191;64
Comércio varejista de outros produtos não especificados anteriormente;6521;24065;109923;34625;13079
Transporte ferroviário de carga;9;7374;19893;4428;1403
Transporte ferroviário de passageiros intermunicipal e interestadual;451;73;33;5;34
Transporte ferroviário de passageiros municipal e em região metropolitana;1;2618;15907;7;0
Transporte metroviário;0;2057;12714;1194;1297
Transporte rodoviário coletivo de passageiros, com itinerário fixo, municipal;21772;57201;186537;48482;16125
Transporte rodoviário coletivo de passageiros, com itinerário fixo, intermunicipal em região metropolitana;742;22172;79293;14616;8603
Transporte rodoviário coletivo de passageiros, com itinerário fixo, intermunicipal, exceto em região metropolitana;1112;7814;31849;12827;5309
Transporte rodoviário coletivo de passageiros, com itinerário fixo, interestadual;4040;9653;30359;5533;6995
Transporte rodoviário coletivo de passageiros, com itinerário fixo, internacional;0;35;227;95;5
Serviço de táxi;219;571;1506;213;241
Serviço de transporte de passageiros - locação de automóveis com motorista;1596;8659;5071;1151;2227
Transporte escolar;1427;2493;10952;3949;1532
Transporte rodoviário coletivo de passageiros, sob regime de fretamento, municipal;1979;2578;8915;4053;2123
Transporte rodoviário coletivo de passageiros, sob regime de fretamento, intermunicipal, interestadual e internacional;920;4385;27858;7039;1680
Organização de excursões em veículos rodoviários próprios, municipal;8;78;156;34;11
Organização de excursões em veículos rodoviários próprios, intermunicipal, interestadual e internacional;66;190;641;800;523
Outros transportes rodoviários de passageiros não especificados anteriormente;18;87;625;275;19
Transporte rodoviário de carga, exceto produtos perigosos e mudanças, municipal;5273;14260;64990;22267;12691
Transporte rodoviário de carga, exceto produtos perigosos e mudanças, intermunicipal, interestadual e internacional;25186;72389;351936;198882;59869
Transporte rodoviário de produtos perigosos;2234;11413;38690;12268;7214
Transporte rodoviário de mudanças;227;812;3055;904;692
Transporte dutoviário;218;790;2052;347;76
Trens turísticos, teleféricos e similares;0;1;129;156;0
Transporte marítimo de cabotagem - Carga;406;182;6486;96;1
Transporte marítimo de cabotagem - passageiros;0;198;121;0;4
Transporte marítimo de longo curso - Carga;112;8;604;64;1
Transporte marítimo de longo curso - Passageiros;10;13;0;0;2
Transporte por navegação interior de carga, municipal, exceto travessia;233;28;86;122;38
Transporte por navegação interior de carga, intermunicipal, interestadual e internacional, exceto travessia;6881;63;821;757;320
Transporte por navegação interior de passageiros em linhas regulares, municipal, exceto travessia;344;111;100;378;18
Transporte por navegação interior de passageiros em linhas regulares, intermunicipal, interestadual e internacional, exceto travessia;989;95;28;769;18
Navegação de apoio marítimo;159;412;11366;127;0
Navegação de apoio portuário;402;1541;2330;502;0
Serviços de rebocadores e empurradores;0;1;0;0;0
Transporte por navegação de travessia, municipal;659;174;127;175;4
Transporte por navegação de travessia, intermunicipal;753;963;1050;97;41
Transporte aquaviário para passeios turísticos;50;403;142;409;78
Outros transportes aquaviários não especificados anteriormente;95;60;47;29;7
Transporte aéreo de passageiros regular;1748;5061;38767;4086;4387
Serviço de táxi aéreo e locação de aeronaves com tripulação;448;320;3622;534;322
Outros serviços de transporte aéreo de passageiros não-regular;85;75;491;23;13
Transporte aéreo de carga;77;210;1094;399;73
Transporte espacial;0;0;4;0;0
Armazéns gerais - emissão de warrant;1041;3175;31012;10952;5553
Guarda-móveis;9;296;1589;189;73
Depósitos de mercadorias para terceiros, exceto armazéns gerais e guarda-móveis;1211;3825;14296;5379;1867
Carga e descarga;2287;8902;23051;10432;3911
Concessionárias de rodovias, pontes, túneis e serviços relacionados;0;1373;19050;3965;2703
Terminais rodoviários e ferroviários;233;1908;3067;990;269
Estacionamento de veículos;1377;6540;50330;9813;3027
Serviços de apoio ao transporte por táxi, inclusive centrais de chamada;33;361;509;171;115
Serviços de reboque de veículos;312;1809;7457;2736;891
Outras atividades auxiliares dos transportes terrestres não especificadas anteriormente;233;1086;8606;1339;390
Administração da infra-estrutura portuária;109;1512;2678;771;25
Operações de terminais;2552;3708;19034;7488;194
Gestão de terminais aquaviários;0;0;0;0;0
Atividades de agenciamento marítimo;224;523;4930;1995;16
Atividades auxiliares dos transportes aquaviários não especificadas anteriormente(Desativado);0;0;0;0;0
Serviços de praticagem;206;114;174;61;0
Atividades auxiliares dos transportes aquaviários não especificadas anteriormente;106;523;1240;221;0
Operação dos aeroportos e campos de aterrissagem;982;1939;5905;1163;4750
Atividades auxiliares dos transportes aéreos, exceto operação dos aeroportos e campos de aterrissagem;3422;3219;18258;2425;3105
Comissaria de despachos;270;131;4195;1602;8
Atividades de despachantes aduaneiros;195;272;3577;1662;42
Agenciamento de cargas, exceto para o transporte marítimo;304;464;6887;1337;402
Organização logística do transporte de carga;1974;5114;21746;5882;687
Operador de transporte multimodal - OTM;1448;780;3194;793;24
Atividades do Correio Nacional;5935;19289;53294;16925;11285
Atividades de franqueadas e permissionárias do Correio Nacional;69;764;7591;2053;608
Serviços de malote não realizados pelo Correio Nacional;362;2238;8986;2339;1017
Serviços de entrega rápida;1484;6066;13429;4004;2608
Hotéis;10337;73698;114917;48115;24597
Apart-hotéis;197;1231;1878;1213;480
Motéis;3540;9482;18999;5864;4027
Albergues, exceto assistenciais;19;271;442;209;51
Campings;2;18;380;179;70
Pensões (alojamento);366;1127;2189;979;267
Outros alojamentos não especificados anteriormente;194;3214;6120;1867;757
Restaurantes e similares;27582;134425;425075;141583;72339
Bares e outros estabelecimentos especializados em servir bebidas (Desativado);0;0;0;0;0
Lanchonetes, casas de chá, de sucos e similares;13360;62145;287609;68981;35346
Bares e outros estabelecimentos especializados em servir bebidas, sem entretenimento;394;2275;8907;2936;1311
Bares e outros estabelecimentos especializados em servir bebidas, com entretenimento;280;980;3337;1196;610
Serviços ambulantes de alimentação;243;1162;4775;1068;501
Fornecimento de alimentos preparados preponderantemente para empresas;9293;26494;125387;30209;10681
Serviços de alimentação para eventos e recepções - bufê;1007;4735;15902;2675;3254
Cantinas - serviços de alimentação privativos;798;1949;15942;2593;694
Fornecimento de alimentos preparados preponderantemente para consumo domiciliar;935;4657;19374;5524;2511
Edição de livros;67;729;10111;2184;420
Edição de jornais (Desativado);0;0;0;0;0
Edição de jornais diarios;321;498;3116;2126;205
Edição de jornais nao diarios;0;69;312;122;34
Edição de revistas;19;100;2208;962;110
Edição de cadastros, listas e outros produtos gráficos;99;279;1488;744;249
Edição integrada à impressão de livros;80;710;5935;1703;591
Edição integrada à impressão de jornais (Desativado);0;0;0;0;0
Edição integrada à impressão de jornais diarios;738;2182;5859;3875;757
Edição integrada à impressão de jornais nao diarios;34;3;119;130;33
Edição integrada à impressão de revistas;58;31;1605;209;25
Edição integrada à impressão de cadastros, listas e outros produtos gráficos;207;1789;8830;2850;669
Estúdios cinematográficos;41;125;488;38;72
Produção de filmes para publicidade;180;439;982;391;248
Atividades de produção cinematográfica, de vídeos e de programas de televisão não especificadas anteriormente;97;420;4855;547;283
Serviços de dublagem;0;2;106;0;0
Serviços de mixagem sonora em produção audiovisual;0;17;176;16;5
Atividades de pós-produção cinematográfica, de vídeos e de programas de televisão não especificadas anteriormente;37;63;850;116;30
Distribuição cinematográfica, de vídeo e de programas de televisão;13;39;622;36;6
Atividades de exibição cinematográfica;751;2247;8378;2001;1249
Atividades de gravação de som e de edição de música;36;243;998;371;197
Atividades de rádio;2274;5866;11310;10341;5256
Atividades de televisão aberta;3521;6446;28784;5245;3989
Programadoras;3;150;2340;194;43
Atividades relacionadas à televisão por assinatura, exceto programadoras;0;110;396;34;2
Serviços de telefonia fixa comutada - STFC;1021;6047;28970;11558;2731
Serviços de redes de transporte de telecomunicações - SRTT;2;13;192;74;208
Serviços de comunicação multimídia - SCM;2122;9208;15447;8953;4151
Serviços de telecomunicações por fio não especificados anteriormente;1;254;348;102;18
Telefonia móvel celular;1670;3249;25450;4863;3313
Serviço móvel especializado - SME;0;37;217;2;27
Serviços de telecomunicações sem fio não especificados anteriormente;22;97;528;283;55
Telecomunicações por satélite;290;39;1063;111;334
Operadoras de televisão por assinatura por cabo;119;1417;1521;222;23
Operadoras de televisão por assinatura por microondas;0;0;12;0;0
Operadoras de televisão por assinatura por satélite;0;42;234;140;2
Provedores de acesso às redes de comunicações;2362;9799;16939;5496;2271
Provedores de voz sobre protocolo internet - VOIP;4;78;264;137;24
Outras atividades de telecomunicações não especificadas anteriormente;759;2209;15709;1977;1522
Desenvolvimento de programas de computador sob encomenda (Desativado);0;0;0;0;0
Desenvolvimento de programas de computador sob encomenda;479;6913;67349;14154;8918
web design;0;62;183;88;8
Desenvolvimento e licenciamento de programas de computador customizáveis;275;4239;27081;15762;3397
Desenvolvimento e licenciamento de programas de computador não-customizáveis;258;2917;25795;14859;3781
Consultoria em tecnologia da informação;640;6991;54537;7498;7776
Suporte técnico, manutenção e outros serviços em tecnologia da informação;2381;8488;56869;16709;11375
Tratamento de dados, provedores de serviços de aplicação e serviços de hospedagem na internet;2825;6284;33286;9964;4451
Portais, provedores de conteúdo e outros serviços de informação na internet;375;1889;15488;4354;1401
Agências de notícias;40;151;717;160;243
Outras atividades de prestação de serviços de informação não especificadas anteriormente;483;1381;6228;1455;804
Banco Central;62;360;1421;299;1614
Bancos comerciais;2735;149;1184;406;97
Bancos múltiplos, com carteira comercial;12134;44739;216049;51629;34341
Caixas econômicas;3571;14139;37485;14161;14944
Bancos cooperativos;0;0;15;377;561
Cooperativas centrais de crédito;164;403;794;1501;294
Cooperativas de crédito mútuo;2361;2405;19731;25640;7645
Cooperativas de crédito rural;595;417;1813;4802;784
Bancos múltiplos, sem carteira comercial;32;149;3619;944;157
Bancos de investimento;0;0;603;10;1
Bancos de desenvolvimento;0;38;3022;459;29
Agências de fomento;322;277;343;393;209
Sociedades de crédito imobiliário;0;2;38;83;2
Associações de poupança e empréstimo;47;47;124;61;1079
Companhias hipotecárias;0;44;19;26;0
Sociedades de crédito, financiamento e investimento - financeiras;62;349;5027;1419;295
Sociedades de crédito ao microempreendedor;19;358;200;32;13
Bancos de Câmbio;0;0;149;0;0
Outras Instituições de Intermediação Não-Monetária não especificadas anteriormente;0;2;1;0;5
Arrendamento mercantil;0;0;295;0;1
Sociedades de capitalização;8;36;983;104;47
Holdings de instituições financeiras;0;1;121;233;28
Holdings de instituições não-financeiras;1045;3959;25077;4812;2422
Outras sociedades de participação, exceto holdings;164;2653;4110;467;672
Fundos de investimento, exceto previdenciários e imobiliários;0;0;4;0;0
Fundos de investimento previdenciários;0;47;0;0;3
Fundos de investimento imobiliários;0;0;0;0;0
Sociedades de fomento mercantil - factoring;177;609;3125;697;428
Securitização de créditos;2;111;499;490;149
Administração de consórcios para aquisição de bens e direitos;70;971;7222;2215;897
Clubes de investimento;0;3;3;4;0
Sociedades de investimento;0;1;25;32;9
Fundo garantidor de crédito;0;0;5;7;15
Caixas de financiamento de corporações;0;0;1;0;0
Concessão de crédito pelas OSCIP;53;322;6;584;1
Outras atividades de serviços financeiros não especificadas anteriormente;48;625;1921;174;143
Seguros de vida;56;544;8141;1701;213
Planos de auxílio-funeral;5;806;1001;845;106
Seguros não-vida;211;1020;28940;2437;1345
Seguros-saúde;29;164;5618;117;65
Resseguros;0;0;783;6;0
Previdência complementar fechada;70;746;4237;913;1679
Previdência complementar aberta;23;73;1713;498;112
Planos de saúde;2979;12580;59417;15935;7270
Bolsa de valores;0;1;8;0;0
Bolsa de mercadorias;0;4;1;2;3
Bolsa de mercadorias e futuros;0;0;1723;21;0
Administração de mercados de balcão organizados;0;0;1;1;0
Corretoras de títulos e valores mobiliários;2;8;4679;95;3
Distribuidoras de títulos e valores mobiliários;5;11;3155;158;55
Corretoras de câmbio;63;246;2193;374;67
Corretoras de contratos de mercadorias;2;8;123;66;44
Agentes de investimentos em aplicações financeiras;5;18;269;46;10
Administração de cartões de crédito;5;1650;7432;917;1093
Serviços de liquidação e custódia;0;2;4;11;0
Correspondentes de instituições financeiras;285;1923;5708;806;450
Representações de bancos estrangeiros;1;0;114;0;3
Caixas eletrônicos;0;2;0;0;0
Operadoras de cartões de débito;7;7;36;0;0
Outras atividades auxiliares dos serviços financeiros não especificadas anteriormente;203;1686;7487;2370;406
Peritos e avaliadores de seguros;31;182;1588;279;123
Auditoria e consultoria atuarial;4;82;194;56;211
Corretores e agentes de seguros, de planos de previdência complementar e de saúde;1158;5647;35992;8687;5791
Atividades auxiliares dos seguros, da previdência complementar e dos planos de saúde não especificadas anteriormente;63;422;3829;535;199
Atividades de administração de fundos por contrato ou comissão;70;96;3607;251;61
Compra e venda de imóveis próprios;944;3820;9318;2781;2136
Aluguel de imóveis próprios;622;4447;13736;4375;1518
Loteamento de imóveis próprios;25;560;216;123;129
Corretagem na compra e venda e avaliação de imóveis;696;2925;13400;5385;2179
Corretagem no aluguel de imóveis;270;2379;16336;5830;1421
Gestão e administração da propriedade imobiliária;1682;12346;28414;8488;4106
Serviços advocatícios;2570;11117;49217;19443;6926
Atividades auxiliares da justiça;632;80;329;293;36
Agente de propriedade industrial;14;80;1114;146;10
Cartórios;3895;11771;35391;18228;8135
Atividades de contabilidade;10430;35422;145212;56857;24988
Atividades de consultoria e auditoria contábil e tributária;289;1500;10952;2282;864
Atividades de consultoria em gestão empresarial, exceto consultoria técnica específica;3509;10728;72735;11312;4586
Serviços de arquitetura;353;974;4430;1151;463
Serviços de engenharia;7883;31994;100955;23825;9736
Serviços de cartografia, topografia e geodésia;422;970;3571;1235;1154
Atividades de estudos geológicos;266;1086;1597;182;75
Serviços de desenho técnico relacionados à arquitetura e engenharia;135;477;2528;872;239
Serviços de perícia técnica relacionados à segurança do trabalho;176;435;2233;677;172
Atividades técnicas relacionadas à engenharia e arquitetura não especificadas anteriormente;1586;1517;9628;500;1061
Testes e análises técnicas;954;2316;18984;3676;1222
Pesquisa e desenvolvimento experimental em ciências físicas e naturais;3387;3994;20024;5511;4610
Pesquisa e desenvolvimento experimental em ciências sociais e humanas;1021;1442;2192;408;71
Agências de publicidade;782;3495;17955;4106;2033
Agenciamento de espaços para publicidade, exceto em veículos de comunicação;124;914;3004;1229;663
Criação de estandes para feiras e exposições;11;44;191;166;2
Promoção de vendas;560;6463;24036;6257;4252
Marketing direto;605;1263;5202;1655;722
Consultoria em publicidade;72;236;2340;236;57
Outras atividades de publicidade não especificadas anteriormente;135;821;10175;603;276
Pesquisas de mercado e de opinião pública;92;538;6618;357;220
Design;0;0;0;0;0
Decoração de interiores;46;439;1235;222;184
Design de produtos;0;2;58;37;24
Atividades de Design não Especificadas Anteriormente;0;30;165;53;14
Atividades de produção de fotografias, exceto aérea e submarina;283;877;3581;1795;553
Atividades de produção de fotografias aéreas e submarinas;4;81;173;69;22
Laboratórios fotográficos;139;370;1683;788;174
Filmagem de festas e eventos;46;233;761;440;81
Serviços de microfilmagem;1;62;1988;48;5
Serviços de tradução, interpretação e similares;31;84;679;85;34
Escafandria e mergulho;41;439;1948;178;8
Serviços de agronomia e de consultoria às atividades agrícolas e pecuárias;790;3661;3934;1521;1709
Atividades de intermediação e agenciamento de serviços e negócios em geral, exceto imobiliários;879;12028;30406;4583;1446
Agenciamento de profissionais para atividades esportivas, culturais e artísticas;1;92;410;167;27
Outras atividades profissionais, científicas e técnicas não especificadas anteriormente;798;1613;10816;3726;1793
Atividades veterinárias;569;1573;8577;2590;1346
Locação de automóveis sem condutor;3566;12432;22570;5178;3038
Locação de embarcações sem tripulação, exceto para fins recreativos;46;59;324;13;38
Locação de aeronaves sem tripulação;1;1;15;2;5
Locação de outros meios de transporte não especificados anteriormente, sem condutor;438;995;3824;412;450
Aluguel de equipamentos recreativos e esportivos;221;633;1745;437;171
Aluguel de fitas de vídeo, DVDs e similares;47;106;450;305;59
Aluguel de objetos do vestuário, jóias e acessórios;334;2572;6418;3228;1272
Aluguel de aparelhos de jogos eletrônicos;24;177;434;134;42
Aluguel de móveis, utensílios e aparelhos de uso doméstico e pessoal, instrumentos musicais;107;1336;4380;862;663
Aluguel de material médico;3;32;207;8;114
Aluguel de outros objetos pessoais e domésticos não especificados anteriormente;1;176;936;193;137
Aluguel de máquinas e equipamentos agrícolas sem operador;176;1825;2329;306;650
Aluguel de máquinas e equipamentos para construção sem operador, exceto andaimes;1881;8089;20770;3698;2871
Aluguel de andaimes;131;879;2671;837;325
Aluguel de máquinas e equipamentos para escritório;455;1797;7440;1569;552
Aluguel de máquinas e equipamentos para extração de minérios e petróleo, sem operador;1;66;125;18;207
Aluguel de equipamentos científicos, médicos e hospitalares, sem operador;63;433;1933;156;213
Aluguel de palcos, coberturas e outras estruturas de uso temporário, exceto andaimes;206;1751;5020;1315;722
Aluguel de outras máquinas e equipamentos comerciais e industriais não especificados anteriormente, sem operador;1832;5018;23399;5073;1800
Gestão de ativos intangíveis não-financeiros;77;402;6069;2463;556
Seleção e agenciamento de mão-de-obra;2934;29373;47188;7352;9232
Locação de mão-de-obra temporária;16355;58761;158143;28754;3385
Fornecimento e gestão de recursos humanos para terceiros;6127;60304;60539;28777;14921
Agências de viagens;1984;9364;32418;10492;4625
Operadores turísticos;81;642;2257;402;217
Serviços de reservas e outros serviços de turismo não especificados anteriormente;180;1171;2236;735;627
Atividades de vigilância e segurança privada;31020;106141;248887;76945;51961
Serviços de adestramento de cães de guarda;13;58;127;45;10
Atividades de transporte de valores;3573;8507;24834;6795;4361
Atividades de monitoramento de sistemas de segurança (Desativado);0;0;0;0;0
Atividades de monitoramento de sistemas de segurança eletronico;2425;7019;20671;9922;1685
Outras atividades de serviços de segurança;10;533;570;261;76
Atividades de investigação particular;0;16;78;11;1
Serviços combinados para apoio a edifícios, exceto condomínios prediais;5553;17769;156331;32586;15189
Condomínios prediais;15110;114304;340007;68098;35575
Limpeza em prédios e em domicílios;42966;75140;370345;101948;53433
Imunização e controle de pragas urbanas;905;2690;13345;2379;1232
Atividades de limpeza não especificadas anteriormente;3378;10551;63618;17424;6237
Atividades paisagísticas;615;3079;17275;3601;1420
Serviços combinados de escritório e apoio administrativo;13924;34235;246740;53805;46172
Fotocópias;783;2360;7835;2238;1261
Preparação de documentos e serviços especializados de apoio administrativo não especificados anteriormente;1412;8820;43315;13270;11073
Atividades de teleatendimento;3950;106979;285021;33550;22333
Serviços de organização de feiras, congressos, exposições e festas;977;7802;22635;6121;3371
Casas de festas e eventos;161;1518;3748;1002;555
Atividades de cobrança e informações cadastrais;1729;13834;54090;16236;6083
Envasamento e empacotamento sob contrato;295;1150;8130;1841;568
Medição de consumo de energia elétrica, gás e água;983;3930;6263;3265;1142
Emissão de vales-alimentação, vales-transporte e similares;61;292;5812;900;89
Serviços de gravação de carimbos, exceto confecção;16;65;76;31;18
Leiloeiros independentes;32;36;1127;275;262
Serviços de levantamento de fundos sob contrato;1;0;22;8;6
Casas lotéricas;2507;10940;22167;7878;4513
Salas de acesso à internet;70;435;498;327;125
Outras atividades de serviços prestados principalmente às empresas não especificadas anteriormente;5946;36907;149061;36936;18192
Administração pública em geral;873503;2372377;2972911;1054656;734427
Regulação das atividades de saúde, educação, serviços culturais e outros serviços sociais;6449;16577;14559;4647;12043
Regulação das atividades econômicas;2656;1759;6668;516;10341
Relações exteriores;0;0;10;4;3515
Defesa;15509;19496;90237;9480;175084
Justiça;21674;58582;114528;35352;41480
Segurança e ordem pública;36248;71770;134949;88241;62862
Defesa Civil;716;849;13111;159;2708
Seguridade social obrigatória;6398;13643;17324;6437;4464
Educação infantil - creche;2423;9169;87498;22108;9798
Educação infantil - pré-escola;9722;48100;101756;24966;15541
Ensino fundamental;14116;95285;197707;47509;32357
Ensino médio;7113;38621;75241;28811;12792
Educação superior - graduação;29715;63308;129403;54615;29890
Educação superior - graduação e pós-graduação;14467;77070;189150;79230;25456
Educação superior - pós-graduação e extensão;1072;3321;22234;6941;5484
Educação profissional de nível técnico;8526;13949;26080;8560;3432
Educação profissional de nível tecnológico;1371;14484;6293;6575;5012
Administração de caixas escolares;1660;27;4818;245;8
Atividades de apoio à educação, exceto caixas escolares;4884;3952;19982;3593;1377
Ensino de esportes;237;988;5596;1379;589
Ensino de dança;78;414;1326;432;193
Ensino de artes cênicas, exceto dança;5;12;48;53;6
Ensino de música;236;157;3343;381;193
Ensino de arte e cultura não especificado anteriormente;30;288;1276;294;240
Ensino de idiomas;2540;7364;38130;10681;4264
Formação de condutores;2639;9378;33850;14089;5117
Cursos de pilotagem;18;178;595;282;55
Treinamento em informática;409;1671;6749;1752;883
Treinamento em desenvolvimento profissional e gerencial;2454;6138;25868;9422;3990
Cursos preparatórios para concursos;895;2171;9069;2217;1470
Outras atividades de ensino não especificadas anteriormente;12466;25489;66818;20152;11425
Atividades de atendimento hospitalar, exceto pronto-socorro e unidades para atendimento a urgências;34133;144111;521976;178551;57887
Atividades de atendimento em pronto-socorro e unidades hospitalares para atendimento a urgências;11934;68266;138369;31577;22571
UTI móvel;76;657;4006;453;116
Serviços móveis de atendimento a urgências, exceto por UTI móvel;7;154;3568;1178;4
Serviços de remoção de pacientes, exceto os serviços móveis de atendimento a urgências;53;128;1537;272;188
Atividade médica ambulatorial com recursos para realização de procedimentos cirúrgicos;2281;7975;23122;5194;2352
Atividade médica ambulatorial com recursos para realização de exames complementares;1739;13993;41932;10123;4446
Atividade médica ambulatorial restrita a consultas;4816;16504;68758;20011;7348
Atividade odontológica com recursos para realização de procedimentos cirúrgicos;5024;17723;54878;19965;12070
Atividade odontológica sem recursos para realização de procedimentos cirúrgicos;0;0;0;0;0
Serviços de vacinação e imunização humana;56;258;1454;213;134
Atividades de reprodução humana assistida;13;56;725;124;46
Atividades de atenção ambulatorial não especificadas anteriormente;487;1202;17943;3432;1251
Laboratórios de anatomia patológica e citológica;985;2705;6550;1863;1187
Laboratórios clínicos;6364;23105;59349;17578;11144
Serviços de diálise e nefrologia;971;4049;8294;2358;1953
Serviços de tomografia;204;960;1909;892;576
Serviços de diagnóstico por imagem com uso de radiação ionizante, exceto tomografia;1581;6656;22040;6137;4994
Serviços de ressonância magnética;172;1314;2936;1097;439
Serviços de diagnóstico por imagem sem uso de radiação ionizante, exceto ressonância magnética;325;1910;3882;1182;936
Serviços de diagnóstico por registro gráfico - ECG, EEG e outros exames análogos;222;534;839;272;297
Serviços de diagnóstico por métodos ópticos - endoscopia e outros exames análogos;170;487;1539;386;464
Serviços de quimioterapia;240;777;2762;631;417
Serviços de radioterapia;36;147;478;353;139
Serviços de hemoterapia;79;1005;4958;547;403
Serviços de litotripsia;11;5;47;21;1
Serviços de bancos de células e tecidos humanos;0;4;285;17;3
Atividades de serviços de complementação diagnóstica e terapêutica não especificadas anteriormente;830;3808;21725;2630;1775
Atividades de enfermagem;2934;8311;3921;324;356
Atividades de profissionais da nutrição;57;219;613;129;152
Atividades de psicologia e psicanálise;253;1125;3257;742;703
Atividades de fisioterapia;1089;4844;11208;3625;2403
Atividades de terapia ocupacional;27;196;329;100;59
Atividades de fonoaudiologia;247;510;941;455;220
Atividades de terapia de nutrição enteral e parenteral;91;85;81;5;123
Atividades de profissionais da área de saúde não especificadas anteriormente;1376;6650;17185;3117;2416
Atividades de apoio à gestão de saúde;2164;21979;21184;13170;34881
Atividades de práticas integrativas e complementares em saúde humana;255;742;2007;553;423
Atividades de bancos de leite humano;0;22;1;0;0
Atividades de Acupuntura;11;82;25;1;10
Atividades de Podologia;0;54;47;3;11
Outras atividades de atenção à saúde humana não especificadas anteriormente;2889;6930;56512;7249;6740
Clínicas e residências geriátricas;31;377;3098;1165;328
Instituições de longa permanência para idosos;123;2085;33018;9568;1668
Atividades de assistência a deficientes físicos, imunodeprimidos e convalescentes;319;305;7382;245;119
Centros de apoio a pacientes com câncer e com AIDS;67;597;768;66;84
Condomínios residenciais para idosos;16;68;1012;766;54
Atividades de fornecimento de infra-estrutura de apoio e assistência a paciente no domicílio;179;5823;7985;1125;1519
Atividades de centros de assistência psicossocial;22;615;4919;263;47
Atividades de assistência psicossocial e à saúde a portadores de distúrbios psíquicos, deficiência mental e dependência química não especificadas ante;50;955;7126;1569;1149
Orfanatos;31;53;2379;503;297
Albergues assistenciais;0;184;3707;481;232
Atividades de assistência social prestadas em residências coletivas e particulares não especificadas anteriormente;378;2473;11253;3737;939
Serviços de assistência social sem alojamento;5866;18260;92890;19455;13338
Produção teatral;11;44;334;97;38
Produção musical;34;1107;1057;392;568
Produção de espetáculos de dança;9;92;149;34;14
Produção de espetáculos circenses, de marionetes e similares;2;32;76;22;4
Produção de espetáculos de rodeios, vaquejadas e similares;3;63;100;19;56
Atividades de sonorização e de iluminação;186;465;1217;668;204
Artes cênicas, espetáculos e atividades complementares não especificados anteriormente;327;1499;3061;857;269
Atividades de artistas plásticos, jornalistas independentes e escritores;1;24;1651;41;33
Restauração de obras de arte;4;55;97;18;7
Gestão de espaços para artes cênicas, espetáculos e outras atividades artísticas;579;222;716;80;116
Atividades de bibliotecas e arquivos;41;365;854;387;102
Atividades de museus e de exploração de lugares e prédios históricos e atrações similares;221;170;1315;125;27
Restauração e conservação de lugares e prédios históricos;0;152;388;18;6
Atividades de jardins botânicos, zoológicos, parques nacionais, reservas ecológicas e áreas de proteção ambiental;271;65;898;326;3616
Casas de bingo;0;37;47;5;10
Exploração de apostas em corridas de cavalos;0;13;595;29;0
Exploração de jogos de azar e apostas não especificados anteriormente;10;60;118;37;23
Gestão de instalações de esportes;121;454;1459;511;161
Clubes sociais, esportivos e similares;2129;7122;53187;14853;4342
Atividades de condicionamento físico;3676;14493;62137;13382;9993
Produção e promoção de eventos esportivos;190;690;3029;606;271
Outras atividades esportivas não especificadas anteriormente;212;645;4286;1276;360
Parques de diversão e parques temáticos;308;4007;4424;3303;788
Discotecas, danceterias, salões de dança e similares;176;282;1406;950;177
Exploração de boliches;50;94;173;178;124
Exploração de jogos de sinuca, bilhar e similares;42;71;147;26;16
Exploração de jogos eletrônicos recreativos;138;287;1407;398;168
Outras atividades de recreação e lazer não especificadas anteriormente;565;2046;11761;2992;1706
Atividades de organizações associativas patronais e empresariais;1037;3793;13579;8089;2916
Atividades de organizações associativas profissionais (Desativado);0;0;0;0;0
Atividades de atividades de fiscalização profissional;740;1479;3183;2404;1226
Outras atividades associativas profissionais;581;3633;14590;4470;1649
Atividades de organizações sindicais;3643;17814;39517;27468;9911
Atividades de associações de defesa de direitos sociais;10273;51798;210314;54387;36656
Atividades de organizações religiosas;8973;28675;62048;27874;11807
Atividades de organizações políticas;163;393;568;222;597
Atividades de organizações associativas ligadas à cultura e à arte;555;3119;9571;2030;566
Atividades associativas não especificadas anteriormente;6710;21796;47555;10589;14130
Reparação e manutenção de computadores e de equipamentos periféricos;1326;7265;21806;5675;3424
Reparação e manutenção de equipamentos de comunicação;390;1509;5778;2067;862
Reparação e manutenção de equipamentos eletroeletrônicos de uso pessoal e doméstico;826;4531;11332;3822;1958
Reparação de calçados, bolsas e artigos de viagem;32;147;798;331;101
Chaveiros;129;335;1721;663;233
Reparação de relógios;45;182;287;87;38
Reparação de bicicletas, triciclos e outros veículos não-motorizados;28;101;342;123;97
Reparação de artigos do mobiliário;115;764;3005;954;410
Reparação de jóias;19;112;502;60;154
Reparação e manutenção de outros objetos e equipamentos pessoais e domésticos não especificados anteriormente;365;1586;4681;1390;736
Lavanderias;1205;8627;19623;6608;3903
Tinturarias;13;220;1306;151;20
Toalheiros;422;640;6058;1442;1023
Cabeleireiros;1189;10907;27435;4346;2865
Atividades de estética e outros serviços de cuidados com a beleza;1634;6738;20010;5194;3025
Gestão e manutenção de cemitérios;305;1196;3264;823;498
Serviços de cremação;5;98;177;89;3
Serviços de sepultamento;135;575;426;87;294
Serviços de funerárias;1839;9234;10622;3679;3613
Serviços de somatoconservação;41;56;204;70;50
Atividades funerárias e serviços relacionados não especificados anteriormente;226;993;2558;563;479
Clínicas de estética e similares(Desativado);0;0;0;0;0
Agências matrimoniais;0;99;60;45;15
Alojamento, higiene e embelezamento de animais;0;0;0;0;0
Exploração de máquinas de serviços pessoais acionadas por moeda;6;6;81;12;5
Atividades de sauna e banhos;2;35;43;12;1
Serviços de tatuagem e colocação de piercing;3;63;71;45;14
Alojamento de animais domésticos;19;54;359;129;23
Higiene e embelezamento de animais doméstico;135;584;2329;1556;491
Outras atividades de serviços pessoais não especificadas anteriormente;511;2357;15150;3294;2002
Serviços domésticos;167;542;1105;360;391
Organismos internacionais e outras instituições extraterritoriais;54;102;1363;149;1543
Nao informado;0;0;0;0;0
Nao se aplica;0;0;0;0;0
Invalida;0;0;0;0;0
Ignorada;0;0;0;0;0
{ñ class};0;0;0;0;0

Seleções vigentes
Variável;Critério;Valor
Ano;igual a;2018
Vínculo Ativo 31/12;igual a;Sim
