Coluna;Região Natural
CNAE 2.0 Subclasse;Norte;Nordeste;Sudeste;Sul;Centro-Oeste
Cultivo de arroz;1370;558;399;14112;2230
Cultivo de milho;2273;3962;15076;5829;14785
Cultivo de trigo;6;8;146;995;168
Cultivo de outros cereais não especificados anteriormente;1078;4058;6260;8683;5324
Cultivo de algodão herbáceo;101;4405;798;14;7760
Cultivo de juta;29;0;1;0;0
Cultivo de outras fibras de lavoura temporária não especificadas anteriormente;103;145;558;335;75
Cultivo de cana-de-açúcar;1090;34151;57326;4225;13852
Cultivo de fumo;0;1978;12;156;0
Cultivo de soja;13641;29166;19053;30705;110617
Cultivo de amendoim;0;0;1355;0;46
Cultivo de girassol;0;6;9;1;1
Cultivo de mamona;0;0;1;0;0
Cultivo de outras oleaginosas de lavoura temporária não especificadas anteriormente;300;207;1347;589;1982
Cultivo de abacaxi;40;139;153;1;12
Cultivo de alho;0;39;1984;202;686
Cultivo de batata-inglesa;0;3775;5373;2782;334
Cultivo de cebola;2;128;663;927;160
Cultivo de feijão;10;156;1051;183;468
Cultivo de mandioca;55;234;693;1033;225
Cultivo de melão;29;14484;1;2;2
Cultivo de melancia;106;117;113;132;43
Cultivo de tomate rasteiro;5;34;2142;368;315
Cultivo de outras plantas de lavoura temporária não especificadas anteriormente;553;5206;11632;3939;1735
Horticultura, exceto morango;828;4090;24997;3658;4533
Cultivo de morango;0;1055;879;1036;92
Cultivo de flores e plantas ornamentais;423;1500;15164;1672;527
Cultivo de laranja;920;2595;61657;2354;1811
Cultivo de uva;0;28356;1729;1115;73
Cultivo de açaí;1135;126;59;0;3
Cultivo de banana;331;6941;14328;1334;358
Cultivo de caju;2;153;179;0;4
Cultivo de cítricos, exceto laranja;65;2497;4833;276;94
Cultivo de coco-da-baía;1444;2826;482;12;30
Cultivo de guaraná;9;5;0;0;0
Cultivo de maçã;0;9;154;13175;0
Cultivo de mamão;50;3602;2896;1;51
Cultivo de maracujá;68;269;143;5;30
Cultivo de manga;6;13534;536;0;18
Cultivo de pêssego;2;0;353;145;0
Cultivo de frutas de lavoura permanente não especificadas anteriormente;345;6469;6540;2016;396
Cultivo de café;217;6502;78689;843;460
Cultivo de cacau;227;7393;657;0;5
Cultivo de chá-da-índia;0;0;65;0;0
Cultivo de erva-mate;0;1;0;440;0
Cultivo de pimenta-do-reino;525;144;713;0;1
Cultivo de plantas para condimento, exceto pimenta-do-reino;7;22;116;6;137
Cultivo de dendê;8075;80;4;0;6
Cultivo de seringueira;703;416;1245;7;1723
Cultivo de outras plantas de lavoura permanente não especificadas anteriormente;352;1861;2893;894;345
Produção de sementes certificadas, exceto de forrageiras para pasto;539;1741;7844;4037;6609
Produção de sementes certificadas de forrageiras para formação de pasto;6;290;1243;96;1027
Produção de mudas e outras formas de propagação vegetal, certificadas;334;1406;6035;1010;582
Criação de bovinos para corte;51750;30818;78257;26343;114596
Criação de bovinos para leite;4287;7930;47797;7131;13167
Criação de bovinos, exceto para corte e leite;1680;3160;4760;1251;4415
Criação de bufalinos;360;131;391;84;99
Criação de eqüinos;210;1160;5804;1075;582
Criação de asininos e muares;16;49;177;13;82
Criação de caprinos;42;426;183;60;19
Criação de ovinos, inclusive para produção de lã;11;397;438;625;88
Criação de suínos;164;2326;12233;14655;5671
Criação de frangos para corte;5913;13057;8820;3508;3539
Produção de pintos de um dia;1074;1836;7739;7947;1574
Criação de outros galináceos, exceto para corte;167;1286;1094;2357;1061
Criação de aves, exceto galináceos;213;1175;1425;1473;572
Produção de ovos;2008;15516;21957;12104;7468
Apicultura;28;169;909;116;39
Criação de animais de estimação;12;127;319;53;36
Criação de escargô;0;0;1;0;3
Criação de bicho-da-seda;0;0;1;4;0
Criação de outros animais não especificados anteriormente;199;755;2421;585;492
Serviço de pulverização e controle de pragas agrícolas;351;508;2866;1577;2071
Serviço de poda de árvores para lavouras;56;305;959;718;252
Serviço de preparação de terreno, cultivo e colheita;1315;8576;30104;9605;10477
Atividades de apoio à agricultura não especificadas anteriormente;5527;13433;40845;18609;15529
Serviço de inseminação artificial em animais;52;87;372;87;168
Serviço de tosquiamento de ovinos;2;7;14;9;5
Serviço de manejo de animais;805;1043;2140;2083;1676
Atividades de apoio à pecuária não especificadas anteriormente;1629;2690;8209;6818;3395
Atividades de pós-colheita;365;2610;4478;5819;3848
Caça e serviços relacionados;1;14;9;9;7
Cultivo de eucalipto;1340;1982;16024;2372;6520
Cultivo de acácia-negra;0;3;5;41;0
Cultivo de pinus;7;0;1087;7048;77
Cultivo de teca;91;0;20;0;528
Cultivo de espécies madeireiras, exceto eucalipto, acácia-negra, pinus e teca;104;157;279;49;26
Cultivo de mudas em viveiros florestais;701;1023;3779;2029;1541
Extração de madeira em florestas plantadas;504;2790;7375;7124;5056
Produção de carvão vegetal - florestas plantadas;634;2617;10152;552;721
Produção de casca de acácia-negra - florestas plantadas;0;2;5;7;0
Produção de produtos não-madeireiros não especificados anteriormente em florestas plantadas;12;258;2848;1417;78
Extração de madeira em florestas nativas;1406;102;52;93;863
Produção de carvão vegetal - florestas nativas;361;489;40;7;323
Coleta de castanha-do-pará em florestas nativas;37;0;0;1;0
Coleta de látex em florestas nativas;24;23;56;12;57
Coleta de palmito em florestas nativas;0;0;71;10;0
Conservação de florestas nativas;106;39;356;68;62
Coleta de produtos não-madeireiros não especificados anteriormente em florestas nativas;4;399;285;285;2
Atividades de apoio à produção florestal;3238;7464;20764;8327;5726
Pesca de peixes em água salgada;233;437;1172;2703;0
Pesca de crustáceos e moluscos em água salgada;116;401;40;130;0
Coleta de outros produtos marinhos;0;3;6;3;0
Atividades de apoio à pesca em água salgada;4;50;200;110;1
Pesca de peixes em água doce;63;81;138;195;57
Pesca de crustáceos e moluscos em água doce;0;0;0;0;0
Coleta de outros produtos aquáticos de água doce;0;6;9;0;0
Atividades de apoio à pesca em água doce;17;36;16;15;38
Criação de peixes em água salgada e salobra;4;90;8;6;3
Criação de camarões em água salgada e salobra;34;6921;52;22;10
Criação de ostras e mexilhões em água salgada e salobra;0;45;5;69;0
Criação de peixes ornamentais em água salgada e salobra;0;12;29;0;0
Atividades de apoio à aqüicultura em água salgada e salobra;0;201;10;1;0
Cultivos e semicultivos da aqüicultura em água salgada e salobra não especificados anteriormente;1;106;20;6;3
Criação de peixes em água doce;687;1055;2560;1026;1169
Criação de camarões em água doce;0;617;19;3;0
Criação de ostras e mexilhões em água doce;0;0;0;2;0
Criação de peixes ornamentais em água doce;45;68;126;39;7
Ranicultura;0;0;6;2;1
Criação de jacaré;0;0;4;0;23
Atividades de apoio à aqüicultura em água doce;16;168;21;21;11
Cultivos e semicultivos da aqüicultura em água doce não especificados anteriormente;29;171;61;31;35
Extração de carvão mineral;0;0;24;2539;18
Beneficiamento de carvão mineral;0;33;159;498;2
Extração de petróleo e gás natural;398;6438;18192;43;0
Extração e beneficiamento de xisto;0;0;0;217;0
Extração e beneficiamento de areias betuminosas;0;9;4;10;9
Extração de minério de ferro;13339;443;48675;0;2188
Pelotização, sinterização e outros beneficiamentos de minério de ferro;2;330;5039;8;0
Extração de minério de alumínio;4267;0;281;3;16
Beneficiamento de minério de alumínio;0;0;367;38;419
Extração de minério de estanho;623;0;0;0;11
Beneficiamento de minério de estanho;131;0;0;0;0
Extração de minério de manganês;436;33;224;0;835
Beneficiamento de minério de manganês;1;1;19;0;0
Extração de minério de metais preciosos;2039;1796;6476;334;6694
Beneficiamento de minério de metais preciosos;15;1952;396;0;1611
Extração de minerais radioativos;0;275;94;0;0
Extração de minérios de nióbio e titânio;33;30;288;0;131
Extração de minério de tungstênio;1;305;0;0;0
Extração de minério de níquel;1161;647;71;0;73
Extração de minérios de cobre, chumbo, zinco e outros minerais metálicos não-ferrosos não especificados anteriormente;6438;3219;2214;0;1220
Beneficiamento de minérios de cobre, chumbo, zinco e outros minerais metálicos não-ferrosos não especificados anteriormente;374;1381;618;0;315
Extração de ardósia e beneficiamento associado;9;14;735;35;1
Extração de granito e beneficiamento associado;55;3487;4769;302;96
Extração de mármore e beneficiamento associado;0;604;625;146;68
Extração de calcário e dolomita e beneficiamento associado;1336;1505;2501;2129;3140
Extração de gesso e caulim;284;727;156;77;0
Extração de areia, cascalho ou pedregulho e beneficiamento associado;981;2028;8821;3773;1789
Extração de argila e beneficiamento associado;127;402;866;343;100
Extração de saibro e beneficiamento associado;4;5;127;345;0
Extração de basalto e beneficiamento associado;0;63;1388;959;337
Beneficiamento de gesso e caulim associado à extração;411;223;45;22;16
Extração e britamento de pedras e outros materiais para construção e beneficiamento associado;1323;6638;13132;7261;2260
Extração de minerais para fabricação de adubos, fertilizantes e outros produtos químicos;328;1552;2698;686;1766
Extração de sal marinho;0;2520;490;0;0
Extração de sal-gema;0;14;0;0;0
Refino e outros tratamentos do sal;0;2223;4;347;37
Extração de gemas (pedras preciosas e semipreciosas);28;362;613;9;6
Extração de grafita;0;106;921;0;0
Extração de quartzo;47;319;486;0;15
Extração de amianto;0;0;7;0;484
Extração de outros minerais não-metálicos não especificados anteriormente;105;2832;3797;1100;459
Atividades de apoio à extração de petróleo e gás natural;326;6308;32292;125;1
Atividades de apoio à extração de minério de ferro;256;203;1060;0;11
Atividades de apoio à extração de minerais metálicos não-ferrosos;355;81;159;22;422
Atividades de apoio à extração de minerais não-metálicos;2;472;705;554;178
Frigorífico - abate de bovinos;37258;9341;41618;18383;63975
Frigorífico - abate de eqüinos;0;144;0;110;0
Frigorífico - abate de ovinos e caprinos;2;65;77;168;9
Frigorífico - abate de bufalinos;0;0;0;0;0
Matadouro - abate de reses sob contrato, exceto abate de suínos;960;972;1358;347;411
Abate de aves;2167;14343;55183;168939;31945
Abate de pequenos animais;0;1197;259;315;111
Frigorífico - abate de suínos;893;36;16814;88266;25151
Matadouro - abate de suínos sob contrato;1;4;175;4;2
Fabricação de produtos de carne;1213;6597;40248;17847;5507
Preparação de subprodutos do abate;1275;709;3863;4836;2691
Preservação de peixes, crustáceos e moluscos;1794;2165;3269;5113;941
Fabricação de conservas de peixes, crustáceos e moluscos;1203;3346;3368;6980;754
Fabricação de conservas de frutas;5865;10744;8107;5399;2300
Fabricação de conservas de palmito;351;194;435;452;11
Fabricação de conservas de legumes e outros vegetais, exceto palmito;39;266;3557;2599;2863
Fabricação de sucos concentrados de frutas, hortaliças e legumes;776;4649;9878;1720;104
Fabricação de sucos de frutas, hortaliças e legumes, exceto concentrados;489;1621;2520;1497;368
Fabricação de óleos vegetais em bruto, exceto óleo de milho;7424;1448;4263;9486;9874
Fabricação de óleos vegetais refinados, exceto óleo de milho;1021;1163;4290;345;3225
Fabricação de margarina e outras gorduras vegetais e de óleos não-comestíveis de animais;151;814;1065;1195;160
Preparação do leite;1043;1622;6720;4632;855
Fabricação de laticínios;4108;12097;47552;25897;8747
Fabricação de sorvetes e outros gelados comestíveis;2191;8308;13685;6180;2818
Beneficiamento de arroz;1826;1453;3508;13575;2822
Fabricação de produtos do arroz;0;104;32;517;72
Moagem de trigo e fabricação de derivados;622;9442;5763;10022;1416
Fabricação de farinha de mandioca e derivados;147;629;1200;2723;174
Fabricação de farinha de milho e derivados, exceto óleos de milho;294;5577;1590;1304;1434
Fabricação de amidos e féculas de vegetais;50;1050;3283;4107;1164
Fabricação de óleo de milho em bruto;0;0;0;101;2
Fabricação de óleo de milho refinado;0;0;0;0;0
Fabricação de alimentos para animais;3959;10879;33193;24407;11343
Moagem e fabricação de produtos de origem vegetal não especificados anteriormente;162;5150;8877;4968;1332
Fabricação de açúcar em bruto;0;77092;147787;17175;24212
Fabricação de açúcar de cana refinado;0;4282;958;62;55
Fabricação de açúcar de cereais (dextrose) e de beterraba;0;0;0;0;0
Beneficiamento de café;75;131;627;83;81
Torrefação e moagem de café;514;5465;7405;611;1235
Fabricação de produtos à base de café;0;0;1649;1430;0
Fabricação de produtos de panificação;0;4;0;0;0
Fabricação de produtos de panificação industrial;3173;16223;48456;20489;6145
Fabricação de produtos de padaria e confeitaria com predominância de produção própria;7514;43468;88141;31817;15985
Fabricação de biscoitos e bolachas;1332;11928;20929;9703;2442
Fabricação de produtos derivados do cacau e de chocolates;190;2344;17589;6691;207
Fabricação de frutas cristalizadas, balas e semelhantes;35;1120;7602;5597;37
Fabricação de massas alimentícias;364;8293;20709;9803;1738
Fabricação de especiarias, molhos, temperos e condimentos;876;2115;9349;2543;2407
Fabricação de alimentos e pratos prontos;524;1915;11358;5211;1493
Fabricação de vinagres;52;560;680;238;1
Fabricação de pós alimentícios;215;67;3566;1710;1038
Fabricação de fermentos e leveduras;0;76;1854;119;0
Fabricação de gelo comum;1146;2057;2991;749;692
Fabricação de produtos para infusão (chá, mate, etc.);6;206;258;3133;38
Fabricação de adoçantes naturais e artificiais;0;0;14;83;288
Fabricação de alimentos dietéticos e complementos alimentares;21;452;5531;978;128
Fabricação de outros produtos alimentícios não especificados anteriormente;1741;10260;47854;16698;6028
Fabricação de aguardente de cana-de-açúcar;48;2545;2895;553;226
Fabricação de outras aguardentes e bebidas destiladas;55;590;2667;415;135
Fabricação de vinho;48;1159;1528;4595;89
Fabricação de malte, inclusive malte uísque;0;0;80;614;0
Fabricação de cervejas e chopes;1377;7923;24380;6208;2525
Fabricação de águas envasadas;1715;10617;8668;3015;1942
Fabricação de refrigerantes;4969;11427;13467;8768;7826
Fabricação de chá mate e outros chás prontos para consumo;0;87;47;167;0
Fabricação de refrescos, xaropes e pós para refrescos, exceto refrescos de frutas;157;820;6728;159;110
Fabricação de bebidas isotônicas;0;0;0;1;1
Fabricação de outras bebidas não-alcoólicas não especificadas anteriormente;267;414;614;128;18
Processamento industrial do fumo;0;1228;0;4770;1
Fabricação de cigarros;0;252;2395;838;30
Fabricação de cigarrilhas e charutos;0;384;514;24;0
Fabricação de filtros para cigarros;0;0;39;0;0
Fabricação de outros produtos do fumo, exceto cigarros, cigarrilhas e charutos;0;425;443;663;130
Preparação e fiação de fibras de algodão;9;8420;4368;7737;2138
Preparação e fiação de fibras têxteis naturais, exceto algodão;1294;1687;1156;682;3
Fiação de fibras artificiais e sintéticas;0;2109;4616;2563;0
Fabricação de linhas para costurar e bordar;0;180;2479;1910;3
Tecelagem de fios de algodão;2;9514;13000;6116;383
Tecelagem de fios de fibras têxteis naturais, exceto algodão;355;256;510;319;13
Tecelagem de fios de fibras artificiais e sintéticas;16;4076;10903;3742;359
Fabricação de tecidos de malha;1;2394;8444;13988;84
Estamparia e texturização em fios, tecidos, artefatos têxteis e peças do vestuário;309;1244;7477;4046;332
Alvejamento, tingimento e torção em fios, tecidos, artefatos têxteis e peças do vestuário;0;1686;2842;9007;289
Outros serviços de acabamento em fios, tecidos, artefatos têxteis e peças do vestuário;83;1106;3545;4309;339
Fabricação de artefatos têxteis para uso doméstico;133;6586;19495;13008;1910
Fabricação de artefatos de tapeçaria;60;862;5352;770;468
Fabricação de artefatos de cordoaria;19;642;1644;2125;60
Fabricação de tecidos especiais, inclusive artefatos;116;2762;11139;4673;169
Fabricação de outros produtos têxteis não especificados anteriormente;530;3893;30397;9330;1438
Confecção de roupas íntimas;289;16905;30982;7025;2815
Facção de roupas íntimas;46;5240;1452;354;252
Confecção de peças do vestuário, exceto roupas íntimas e as confeccionadas sob medida;1518;58073;132379;110444;14441
Confecção, sob medida, de peças do vestuário, exceto roupas íntimas;565;3816;15727;4333;1248
Facção de peças do vestuário, exceto roupas íntimas;106;8035;15676;26919;2906
Confecção de roupas profissionais, exceto sob medida;1279;4249;10921;4867;1653
Confecção, sob medida, de roupas profissionais;498;1309;3076;853;577
Facção de roupas profissionais;82;590;1250;680;163
Fabricação de acessórios do vestuário, exceto para segurança e proteção;57;2935;3008;4460;255
Fabricação de meias;0;2517;8630;1420;4
Fabricação de artigos do vestuário, produzidos em malharias e tricotagens, exceto meias;425;844;5197;5363;2037
Curtimento e outras preparações de couro;2255;2115;8239;11989;6706
Fabricação de artigos para viagem, bolsas e semelhantes de qualquer material;42;1417;5534;4681;252
Fabricação de artefatos de couro não especificados anteriormente;246;1936;3972;1963;492
Fabricação de calçados de couro;1058;55927;20271;34333;1232
Acabamento de calçados de couro sob contrato;3;502;2489;14297;2
Fabricação de tênis de qualquer material;0;4324;5593;890;237
Fabricação de calçados de material sintético;10;32858;11131;19214;920
Fabricação de calçados de materiais não especificados anteriormente;4;29927;11505;4091;94
Fabricação de partes para calçados, de qualquer material;0;3263;8072;10575;152
Serrarias com desdobramento de madeira (Desativado);0;0;0;0;0
Serrarias sem desdobramento de madeira (Desativado);0;0;0;0;0
Serrarias com desdobramento de madeira em bruto;9835;751;7982;31209;6392
Serrarias sem desdobramento de madeira em bruto  Resserragem;1446;392;2080;2846;1255
Serviço de tratamento de madeira realizado sob contrato;52;64;771;513;97
Fabricação de madeira laminada e de chapas de madeira compensada, prensada e aglomerada;3072;57;6585;24748;1523
Fabricação de casas de madeira pré-fabricadas;12;12;136;123;10
Fabricação de esquadrias de madeira e de peças de madeira para instalações industriais e comerciais;749;2590;3196;13578;764
Fabricação de outros artigos de carpintaria para construção;31;802;1804;932;342
Fabricação de artefatos de tanoaria e de embalagens de madeira;160;1605;9395;5490;329
Fabricação de artefatos diversos de madeira, exceto móveis;998;1668;8938;10612;1186
Fabricação de artefatos diversos de cortiça, bambu, palha, vime e outros materiais trançados, exceto móveis;10;84;634;257;33
Fabricação de celulose e outras pastas para a fabricação de papel;676;4583;7100;4636;6026
Fabricação de papel;648;1886;16725;21014;1077
Fabricação de cartolina e papel-cartão;0;0;1366;1715;0
Fabricação de embalagens de papel;301;4151;14234;8600;1170
Fabricação de embalagens de cartolina e papel-cartão;123;874;8303;3091;36
Fabricação de chapas e de embalagens de papelão ondulado;1805;3743;23123;10103;652
Fabricação de formulários contínuos;3;0;113;114;129
Fabricação de produtos de papel, cartolina, papel-cartão e papelão ondulado para uso comercial e de escritório, exceto formulário contínuo;922;1868;11419;6299;932
Fabricação de fraldas descartáveis;0;701;6117;1911;906
Fabricação de absorventes higiênicos;0;229;148;4;0
Fabricação de produtos de papel para uso doméstico e higiênico-sanitário não especificados anteriormente;386;2103;5579;5623;70
Fabricação de produtos de pastas celulósicas, papel, cartolina, papel-cartão e papelão ondulado não especificados anteriormente;733;458;6393;3852;653
Impressão de jornais;154;585;649;232;174
Impressão de livros, revistas e outras publicações periódicas;145;1528;10235;2040;1195
Impressão de material de segurança;160;1503;5642;819;285
Impressão de material para uso publicitário;1676;6763;13465;5942;2447
Impressão de material para outros usos;756;3660;15200;8425;1653
Serviços de pré-impressão;368;1171;6494;1534;590
Serviços de acabamentos gráficos (Desativado);0;0;0;0;0
Serviços de encadernação e plastificação;16;271;722;112;147
Serviços de acabamentos gráficos, exceto encadernação e plastificação;532;1167;5286;1259;405
Reprodução de som em qualquer suporte;43;1;217;15;0
Reprodução de vídeo em qualquer suporte;102;2;30;36;0
Reprodução de software em qualquer suporte;40;194;654;266;101
Coquerias;0;0;337;7;0
Fabricação de produtos do refino de petróleo;412;2753;22562;2155;32
Formulação de combustíveis;0;0;39;37;4
Rerrefino de óleos lubrificantes;228;4;2317;142;4
Fabricação de outros produtos derivados do petróleo, exceto produtos do refino;6;382;4898;347;47
Fabricação de álcool;2521;23834;59250;4563;49862
Fabricação de biocombustíveis, exceto álcool;904;793;466;2108;1235
Fabricação de cloro e álcalis;0;623;529;180;0
Fabricação de intermediários para fertilizantes;297;187;3058;215;274
Fabricação de adubos e fertilizantes (Desativado);0;0;0;0;0
Fabricação de adubos e fertilizantes organominerais;330;268;3907;2812;739
Fabricação de adubos e fertilizantes, exceto organominerais;1385;5091;15902;11868;4425
Fabricação de gases industriais;470;773;3616;749;227
Elaboração de combustíveis nucleares;0;0;710;0;0
Fabricação de outros produtos químicos inorgânicos não especificados anteriormente;58;1046;6467;1315;284
Fabricação de produtos petroquímicos básicos;5;1305;1648;817;243
Fabricação de intermediários para plastificantes, resinas e fibras;0;481;649;65;2
Fabricação de produtos químicos orgânicos não especificados anteriormente;61;1359;11335;2802;244
Fabricação de resinas termoplásticas;957;1825;5139;1930;0
Fabricação de resinas termofixas;0;47;1909;629;2
Fabricação de elastômeros;1;41;736;787;0
Fabricação de fibras artificiais e sintéticas;19;769;1679;377;344
Fabricação de defensivos agrícolas;4;1033;9115;2286;364
Fabricação de desinfestantes domissanitários;42;151;1428;801;330
Fabricação de sabões e detergentes sintéticos;967;6694;11869;3451;1703
Fabricação de produtos de limpeza e polimento;1054;7839;16586;2894;1253
Fabricação de cosméticos, produtos de perfumaria e de higiene pessoal;578;5838;38326;8189;3457
Fabricação de tintas, vernizes, esmaltes e lacas;661;3880;17630;6592;1633
Fabricação de tintas de impressão;1;10;2167;343;0
Fabricação de impermeabilizantes, solventes e produtos afins;4;346;2227;634;58
Fabricação de adesivos e selantes;176;265;3648;1923;43
Fabricação de pólvoras, explosivos e detonantes;361;141;1846;1481;208
Fabricação de artigos pirotécnicos;0;4;2385;0;0
Fabricação de fósforos de segurança;0;0;0;1068;0
Fabricação de aditivos de uso industrial;105;750;11658;1911;162
Fabricação de catalisadores;0;0;586;33;0
Fabricação de chapas, filmes, papéis e outros materiais e produtos químicos para fotografia;219;0;287;0;3
Fabricação de outros produtos químicos não especificados anteriormente;745;2152;24617;8374;550
Fabricação de produtos farmoquímicos;50;528;2777;417;593
Fabricação de medicamentos alopáticos para uso humano;1304;5584;69596;7906;18017
Fabricação de medicamentos homeopáticos para uso humano;10;2;307;70;45
Fabricação de medicamentos fitoterápicos para uso humano;4;180;305;358;1
Fabricação de medicamentos para uso veterinário;1;256;9860;1201;291
Fabricação de preparações farmacêuticas;0;152;1502;739;23
Fabricação de pneumáticos e de câmaras-de-ar;1543;5303;18194;5711;20
Reforma de pneumáticos usados;1184;3185;6980;4475;1983
Fabricação de artefatos de borracha não especificados anteriormente;594;3020;34313;10251;802
Fabricação de laminados planos e tubulares de material plástico;730;2555;11357;5385;865
Fabricação de embalagens de material plástico;6677;20051;81312;42264;6791
Fabricação de tubos e acessórios de material plástico para uso na construção;262;2598;6511;6017;831
Fabricação de artefatos de material plástico para uso pessoal e doméstico;520;6696;23478;9042;313
Fabricação de artefatos de material plástico para usos industriais;5374;2810;39113;20272;171
Fabricação de artefatos de material plástico para uso na construção, exceto tubos e acessórios;430;3497;7887;8088;706
Fabricação de artefatos de material plástico para outros usos não especificados anteriormente;1676;5200;42716;21359;1101
Fabricação de vidro plano e de segurança;1149;2019;13181;2979;1299
Fabricação de embalagens de vidro;0;785;6245;605;0
Fabricação de artigos de vidro;356;2456;10377;5952;390
Fabricação de cimento;1054;4081;8665;2386;2157
Fabricação de estruturas pré-moldadas de concreto armado, em série e sob encomenda;2515;11607;15044;13191;5259
Fabricação de artefatos de cimento para uso na construção;1019;5271;16606;10770;3735
Fabricação de artefatos de fibrocimento para uso na construção;408;460;1855;1707;359
Fabricação de casas pré-moldadas de concreto;17;2;258;77;88
Preparação de massa de concreto e argamassa para construção;1242;2975;11898;6937;2287
Fabricação de outros artefatos e produtos de concreto, cimento, fibrocimento, gesso e materiais semelhantes;1277;3314;6897;4013;1684
Fabricação de produtos cerâmicos refratários;210;827;6949;603;253
Fabricação de azulejos e pisos;10;4956;16751;8503;22
Fabricação de artefatos de cerâmica e barro cozido para uso na construção, exceto azulejos e pisos;7959;27215;22692;9098;5520
Fabricação de material sanitário de cerâmica;0;3160;6001;1;0
Fabricação de produtos cerâmicos não-refratários não especificados anteriormente;94;966;6904;3943;242
Britamento de pedras, exceto associado à extração;77;447;1017;366;146
Aparelhamento de pedras para construção, exceto associado à extração;71;435;3512;695;184
Aparelhamento de placas e execução de trabalhos em mármore, granito, ardósia e outras pedras;929;6701;29361;8127;3284
Fabricação de cal e gesso;36;2420;3965;1965;94
Decoração, lapidação, gravação, vitrificação e outros trabalhos em cerâmica, louça, vidro e cristal;28;560;4240;716;107
Fabricação de abrasivos;12;2;749;181;0
Fabricação de outros produtos de minerais não-metálicos não especificados anteriormente;413;3084;15007;2567;745
Produção de ferro-gusa;1188;732;10226;0;1044
Produção de ferroligas;75;1803;9817;4;2071
Produção de semi-acabados de aço;44;2766;4076;109;5
Produção de laminados planos de aço ao carbono, revestidos ou não;691;108;28208;883;336
Produção de laminados planos de aços especiais;0;4;3318;16;2
Produção de tubos de aço sem costura;0;0;4743;34;200
Produção de laminados longos de aço, exceto tubos;2280;2777;19133;2604;107
Produção de arames de aço;0;601;3663;266;164
Produção de relaminados, trefilados e perfilados de aço, exceto arames;229;903;6125;743;510
Produção de tubos de aço com costura;729;2698;6893;1768;176
Produção de outros tubos de ferro e aço;15;145;2113;226;25
Produção de alumínio e suas ligas em formas primárias;3996;4903;9277;874;157
Produção de laminados de alumínio;0;947;6622;2101;83
Metalurgia dos metais preciosos;1410;7;297;32;1
Metalurgia do cobre;32;473;3723;335;261
Produção de zinco em formas primárias;0;0;1525;48;0
Produção de laminados de zinco;0;12;26;6;6
Produção de soldas e ânodos para galvanoplastia;0;0;106;5;4
Metalurgia de outros metais não-ferrosos e suas ligas não especificados anteriormente;1762;580;3502;1635;47
Fundição de ferro e aço;86;572;19777;21955;46
Fundição de metais não-ferrosos e suas ligas;594;133;11222;1942;163
Fabricação de estruturas metálicas;3379;7679;28317;17681;5820
Fabricação de esquadrias de metal;835;9049;27171;19520;5072
Fabricação de obras de caldeiraria pesada;540;2885;13442;1995;414
Fabricação de tanques, reservatórios metálicos e caldeiras para aquecimento central;214;921;4217;1810;405
Fabricação de caldeiras geradoras de vapor, exceto para aquecimento central e para veículos;1;31;2685;771;7
Produção de forjados de aço;0;94;1972;1268;18
Produção de forjados de metais não-ferrosos e suas ligas;0;26;755;149;34
Produção de artefatos estampados de metal;1533;985;16015;7261;1240
Metalurgia do pó;0;0;757;274;0
Serviços de usinagem, solda, tratamento e revestimento em metais (Desativado);0;0;0;0;0
Serviços de usinagem, tornearia e solda;1660;5142;34702;15371;5230
Serviços de tratamento e revestimento em metais;132;1830;15639;6636;435
Fabricação de artigos de cutelaria;1296;6;658;6656;19
Fabricação de artigos de serralheria, exceto esquadrias;577;3062;24528;7277;2657
Fabricação de ferramentas;137;300;11782;10946;320
Fabricação de equipamento bélico pesado, exceto veículos militares de combate;0;0;1493;162;0
Fabricação de armas de fogo e munições;0;0;2851;2530;5
Fabricação de embalagens metálicas;834;2187;13928;2241;1012
Fabricação de produtos de trefilados de metal padronizados;243;1404;8970;4948;207
Fabricação de produtos de trefilados de metal, exceto padronizados;134;572;8590;2682;853
Fabricação de artigos de metal para uso doméstico e pessoal;235;2926;11254;7215;260
Serviços de confecção de armações metálicas para a construção;851;837;3723;1142;783
Serviços de corte e dobra de metais;279;1032;8179;3476;1229
Fabricação de outros produtos de metal não especificados anteriormente;1815;4001;55355;28349;3622
Fabricação de componentes eletrônicos;10406;241;13229;7030;65
Fabricação de equipamentos de informática;1832;720;5847;1908;28
Fabricação de periféricos para equipamentos de informática;3655;428;11366;1785;6
Fabricação de equipamentos transmissores de comunicação, peças e acessórios;811;159;3645;1133;9
Fabricação de aparelhos telefônicos e de outros equipamentos de comunicação, peças e acessórios;1441;37;5168;4678;1
Fabricação de aparelhos de recepção, reprodução, gravação e amplificação de áudio e vídeo;10835;507;3008;2033;160
Fabricação de aparelhos e equipamentos de medida, teste e controle;1344;557;12240;8680;445
Fabricação de cronômetros e relógios;1470;2;342;229;0
Fabricação de aparelhos eletromédicos e eletroterapêuticos e equipamentos de irradiação;11;99;4511;1049;53
Fabricação de equipamentos e instrumentos ópticos, peças e acessórios;19;123;450;78;0
Fabricação de aparelhos fotográficos e cinematográficos, peças e acessórios;0;0;73;52;0
Fabricação de mídias virgens, magnéticas e ópticas;0;4;6;0;0
Fabricação de geradores de corrente contínua e alternada, peças e acessórios;140;2420;3457;3822;726
Fabricação de transformadores, indutores, conversores, sincronizadores e semelhantes, peças e acessórios;537;141;11948;9972;1518
Fabricação de motores elétricos, peças e acessórios;637;908;6504;8796;21
Fabricação de pilhas, baterias e acumuladores elétricos, exceto para veículos automotores;1089;188;953;170;10
Fabricação de baterias e acumuladores para veículos automotores;29;2327;3415;3431;178
Recondicionamento de baterias e acumuladores para veículos automotores;0;0;5;12;1
Fabricação de aparelhos e equipamentos para distribuição e controle de energia elétrica;176;2308;17184;6447;844
Fabricação de material elétrico para instalações em circuito de consumo;276;139;4535;3456;331
Fabricação de fios, cabos e condutores elétricos isolados;2656;552;16546;5867;318
Fabricação de lâmpadas;0;290;159;123;0
Fabricação de luminárias e outros equipamentos de iluminação;135;657;6331;2373;99
Fabricação de fogões, refrigeradores e máquinas de lavar e secar para uso doméstico, peças e acessórios;709;2839;12622;16266;929
Fabricação de aparelhos elétricos de uso pessoal, peças e acessórios;103;0;521;1257;55
Fabricação de outros aparelhos eletrodomésticos não especificados anteriormente, peças e acessórios;23;7382;10184;4167;140
Fabricação de eletrodos, contatos e outros artigos de carvão e grafita para uso elétrico, eletroímãs e isoladores;0;47;1489;98;0
Fabricação de equipamentos para sinalização e alarme;0;127;2699;606;23
Fabricação de outros equipamentos e aparelhos elétricos não especificados anteriormente;2095;1404;17577;5968;912
Fabricação de motores e turbinas, peças e acessórios, exceto para aviões e veículos rodoviários;14;897;4332;563;23
Fabricação de equipamentos hidráulicos e pneumáticos, peças e acessórios, exceto válvulas;56;299;9958;3974;202
Fabricação de válvulas, registros e dispositivos semelhantes, peças e acessórios;20;268;9607;6770;283
Fabricação de compressores para uso industrial, peças e acessórios;3;0;2040;7041;0
Fabricação de compressores para uso não-industrial, peças e acessórios;0;2;1794;4;0
Fabricação de rolamentos para fins industriais;0;0;837;47;2
Fabricação de equipamentos de transmissão para fins industriais, exceto rolamentos;179;17;7712;3152;12
Fabricação de fornos industriais, aparelhos e equipamentos não-elétricos para instalações térmicas, peças e acessórios;95;246;3038;356;31
Fabricação de estufas e fornos elétricos para fins industriais, peças e acessórios;9;52;1546;310;6
Fabricação de máquinas, equipamentos e aparelhos para transporte e elevação de pessoas, peças e acessórios;17;244;2641;2752;169
Fabricação de máquinas, equipamentos e aparelhos para transporte e elevação de cargas, peças e acessórios;74;317;11255;8136;219
Fabricação de máquinas e aparelhos de refrigeração e ventilação para uso industrial e comercial, peças e acessórios;269;1619;10112;11716;376
Fabricação de aparelhos e equipamentos de ar condicionado para uso industrial;249;0;428;72;13
Fabricação de aparelhos e equipamentos de ar condicionado para uso não-industrial;4045;27;807;1171;16
Fabricação de máquinas e equipamentos para saneamento básico e ambiental, peças e acessórios;21;231;2638;1668;30
Fabricação de máquinas de escrever, calcular e outros equipamentos não-eletrônicos para escritório, peças e acessórios;20;0;147;187;0
Fabricação de outras máquinas e equipamentos de uso geral não especificados anteriormente, peças e acessórios;1637;1101;37766;15376;345
Fabricação de tratores agrícolas, peças e acessórios;15;3;2075;4841;1
Fabricação de equipamentos para irrigação agrícola, peças e acessórios;1;276;3142;1130;63
Fabricação de máquinas e equipamentos para a agricultura e pecuária, peças e acessórios, exceto para irrigação;120;807;35450;45466;3215
Fabricação de máquinas-ferramenta, peças e acessórios;103;456;9899;7828;237
Fabricação de máquinas e equipamentos para a prospecção e extração de petróleo, peças e acessórios;0;595;7466;1012;0
Fabricação de outras máquinas e equipamentos para uso na extração mineral, peças e acessórios, exceto na extração de petróleo;1006;49;5298;268;169
Fabricação de tratores, peças e acessórios, exceto agrícolas;0;0;5756;1638;0
Fabricação de máquinas e equipamentos para terraplenagem, pavimentação e construção, peças e acessórios, exceto tratores;400;73;6158;1174;46
Fabricação de máquinas para a indústria metalúrgica, peças e acessórios, exceto máquinas-ferramenta;3;335;3585;3110;51
Fabricação de máquinas e equipamentos para as indústrias de alimentos, bebidas e fumo, peças e acessórios;66;201;10725;8986;460
Fabricação de máquinas e equipamentos para a indústria têxtil, peças e acessórios;0;94;555;777;8
Fabricação de máquinas e equipamentos para as indústrias do vestuário, do couro e de calçados, peças e acessórios;1;22;790;1783;3
Fabricação de máquinas e equipamentos para as indústrias de celulose, papel e papelão e artefatos, peças e acessórios;229;11;1451;2414;0
Fabricação de máquinas e equipamentos para a indústria do plástico, peças e acessórios;0;121;1660;993;10
Fabricação de máquinas e equipamentos para uso industrial específico não especificados anteriormente, peças e acessórios;150;1158;28249;17264;831
Fabricação de automóveis, camionetas e utilitários;17;7357;50625;9527;8559
Fabricação de chassis com motor para automóveis, camionetas e utilitários;0;0;1147;4;13
Fabricação de motores para automóveis, camionetas e utilitários;0;5;4194;1341;0
Fabricação de caminhões e ônibus;0;22;21003;14125;0
Fabricação de motores para caminhões e ônibus;0;0;2689;0;0
Fabricação de cabines, carrocerias e reboques para caminhões;953;2813;19019;16561;1161
Fabricação de carrocerias para ônibus;0;0;4734;6534;0
Fabricação de cabines, carrocerias e reboques para outros veículos automotores, exceto caminhões e ônibus;52;351;3571;1916;667
Fabricação de peças e acessórios para o sistema motor de veículos automotores;564;65;26159;9826;107
Fabricação de peças e acessórios para os sistemas de marcha e transmissão de veículos automotores;656;849;5747;3834;71
Fabricação de peças e acessórios para o sistema de freios de veículos automotores;1017;703;9109;6242;5
Fabricação de peças e acessórios para o sistema de direção e suspensão de veículos automotores;24;254;12512;3949;15
Fabricação de material elétrico e eletrônico para veículos automotores, exceto baterias;2787;5210;21146;11711;42
Fabricação de bancos e estofados para veículos automotores;3;1530;6656;910;82
Fabricação de outras peças e acessórios para veículos automotores não especificadas anteriormente;871;6571;127950;24992;145
Recondicionamento e recuperação de motores para veículos automotores;815;2230;6582;2880;1944
Construção de embarcações de grande porte;3688;1864;17897;4102;5
Construção de embarcações para uso comercial e para usos especiais, exceto de grande porte;1092;675;957;495;21
Construção de embarcações para esporte e lazer;238;1384;1064;2015;181
Fabricação de locomotivas, vagões e outros materiais rodantes;0;5;3043;0;3
Fabricação de peças e acessórios para veículos ferroviários;0;38;1000;89;0
Fabricação de aeronaves;0;2;18889;19;29
Fabricação de turbinas, motores e outros componentes e peças para aeronaves;0;0;3532;219;9
Fabricação de veículos militares de combate;0;0;229;0;0
Fabricação de motocicletas, peças e acessórios(Desativado);0;0;0;0;0
Fabricação de motocicletas;13711;305;268;6;0
Fabricação de peças e acessórios para motocicletas;5425;763;1878;1875;48
Fabricação de bicicletas e triciclos não-motorizados, peças e acessórios;1261;601;3867;3534;45
Fabricação de equipamentos de transporte não especificados anteriormente;4;65;1491;505;18
Fabricação de móveis com predominância de madeira;3813;18253;83261;91248;8495
Fabricação de móveis com predominância de metal;252;4927;18614;8824;1080
Fabricação de móveis de outros materiais, exceto madeira e metal;177;1505;3316;3158;245
Fabricação de colchões;2861;8388;9352;5212;2947
Lapidação de gemas;3;15;260;877;3
Fabricação de artefatos de joalheria e ourivesaria;1369;373;5224;2312;379
Cunhagem de moedas e medalhas;0;8;16;103;0
Fabricação de bijuterias e artefatos semelhantes;17;905;5288;1119;332
Fabricação de instrumentos musicais, peças e acessórios;0;24;1348;153;5
Fabricação de artefatos para pesca e esporte;113;269;3330;2081;366
Fabricação de jogos eletrônicos;0;0;114;0;0
Fabricação de mesas de bilhar, de sinuca e acessórios não associada à locação;0;12;63;17;11
Fabricação de mesas de bilhar, de sinuca e acessórios associada à locação;20;31;118;272;73
Fabricação de outros brinquedos e jogos recreativos não especificados anteriormente;59;359;9074;2346;1222
Fabricação de instrumentos não-eletrônicos e utensílios para uso médico, cirúrgico, odontológico e de laboratório;398;253;11611;3504;340
Fabricação de mobiliário para uso médico, cirúrgico, odontológico e de laboratório;3;26;949;748;127
Fabricação de aparelhos e utensílios para correção de defeitos físicos e aparelhos ortopédicos em geral sob encomenda;26;220;1086;1408;101
Fabricação de aparelhos e utensílios para correção de defeitos físicos e aparelhos ortopédicos em geral, exceto sob encomenda;0;357;3396;698;47
Fabricação de materiais para medicina e odontologia;85;538;18767;4677;1181
Serviços de prótese dentária;412;1469;7056;3074;1293
Fabricação de artigos ópticos;750;1858;7548;1662;518
Fabricação de artefatos de tecido não tecido para uso odonto-médico-hospitalar;0;0;0;0;0
Serviço de laboratório óptico;200;446;861;162;349
Fabricação de escovas, pincéis e vassouras;66;801;3189;4706;106
Fabricação de roupas de proteção e segurança e resistentes a fogo;1;60;408;201;12
Fabricação de equipamentos e acessórios para segurança pessoal e profissional;306;680;10116;5138;189
Fabricação de guarda-chuvas e similares;3;12;481;103;1
Fabricação de canetas, lápis e outros artigos para escritório;260;17;2698;385;22
Fabricação de letras, letreiros e placas de qualquer material, exceto luminosos;498;2194;4257;3346;813
Fabricação de painéis e letreiros luminosos;199;780;2429;2441;673
Fabricação de aviamentos para costura;0;670;1472;1311;25
Fabricação de velas, inclusive decorativas;96;630;1059;400;154
Fabricação de produtos diversos não especificados anteriormente;204;1548;9091;3036;942
Manutenção e reparação de tanques, reservatórios metálicos e caldeiras, exceto para veículos;1380;2350;8182;1394;1089
Manutenção e reparação de equipamentos transmissores de comunicação;0;0;0;0;0
Manutenção e reparação de aparelhos e instrumentos de medida, teste e controle;403;923;7269;1634;533
Manutenção e reparação de aparelhos eletromédicos e eletroterapêuticos e equipamentos de irradiação;347;1036;2176;493;346
Manutenção e reparação de equipamentos e instrumentos ópticos;8;16;235;38;1
Manutenção e reparação de geradores, transformadores e motores elétricos;795;2950;8320;2469;1460
Manutenção e reparação de baterias e acumuladores elétricos, exceto para veículos;1;76;204;41;1
Manutenção e reparação de máquinas, aparelhos e materiais elétricos não especificados anteriormente;261;1169;6285;1579;479
Manutenção e reparação de máquinas motrizes não-elétricas;131;309;1784;232;178
Manutenção e reparação de equipamentos hidráulicos e pneumáticos, exceto válvulas;398;1169;3475;974;834
Manutenção e reparação de válvulas industriais;0;331;2268;196;34
Manutenção e reparação de compressores;47;184;895;322;188
Manutenção e reparação de equipamentos de transmissão para fins industriais;25;256;1716;470;574
Manutenção e reparação de máquinas, aparelhos e equipamentos para instalações térmicas;126;611;785;415;61
Manutenção e reparação de máquinas e aparelhos de refrigeração e ventilação para uso industrial e comercial;895;2689;5827;2441;1281
Manutenção e reparação de máquinas, equipamentos e aparelhos para transporte e elevação de cargas;97;820;4173;1696;191
Manutenção e reparação de máquinas de escrever, calcular e de outros equipamentos não-eletrônicos para escritório;3;19;181;9;34
Manutenção e reparação de máquinas e equipamentos para uso geral não especificados anteriormente;2189;3430;19072;4009;1645
Manutenção e reparação de máquinas e equipamentos para agricultura e pecuária;270;793;2810;2494;1917
Manutenção e reparação de tratores agrícolas;147;256;875;573;634
Manutenção e reparação de máquinas-ferramenta;413;452;4322;942;356
Manutenção e reparação de máquinas e equipamentos para a prospecção e extração de petróleo;0;1249;4896;0;0
Manutenção e reparação de máquinas e equipamentos para uso na extração mineral, exceto na extração de petróleo;225;119;2561;75;229
Manutenção e reparação de tratores, exceto agrícolas;64;76;225;152;46
Manutenção e reparação de máquinas e equipamentos de terraplenagem, pavimentação e construção, exceto tratores;37;244;665;322;142
Manutenção e reparação de máquinas para a indústria metalúrgica, exceto máquinas-ferramenta;4;418;4319;912;70
Manutenção e reparação de máquinas e equipamentos para as indústrias de alimentos, bebidas e fumo;143;451;1876;1512;528
Manutenção e reparação de máquinas e equipamentos para a indústria têxtil, do vestuário, do couro e calçados;14;141;267;337;130
Manutenção e reparação de máquinas e aparelhos para a indústria de celulose, papel e papelão e artefatos;6;24;2508;1714;9
Manutenção e reparação de máquinas e aparelhos para a indústria do plástico;29;57;469;105;3
Manutenção e reparação de outras máquinas e equipamentos para usos industriais não especificados anteriormente;1640;3225;20613;5955;1728
Manutenção e reparação de veículos ferroviários;0;387;1294;415;0
Manutenção e reparação de aeronaves, exceto a manutenção na pista;78;415;10097;584;1106
Manutenção de aeronaves na pista;4;6;2450;34;37
Manutenção e reparação de embarcações e estruturas flutuantes;482;385;18178;1544;14
Manutenção e reparação de embarcações para esporte e lazer;35;92;909;205;68
Manutenção e reparação de equipamentos e produtos não especificados anteriormente;1159;2589;8540;2660;999
Instalação de máquinas e equipamentos industriais;1271;4749;37442;13697;4806
Serviços de montagem de móveis de qualquer material;548;2982;8905;2337;1816
Instalação de outros equipamentos não especificados anteriormente;157;805;2409;700;407
Geração de energia elétrica (Desativado);0;2;0;0;0
Geração de energia elétrica;4832;7236;9965;6866;2891
Atividades de coordenação e controle da operação da geração e transmissão de energia elétrica;16;24;795;155;76
Transmissão de energia elétrica;717;3450;11404;2407;804
Comércio atacadista de energia elétrica;28;381;3679;473;91
Distribuição de energia elétrica;7623;18022;29223;16276;8248
Produção de gás, processamento de gás natural;2;1598;1656;312;102
Distribuição de combustíveis gasosos por redes urbanas;201;71;1820;302;19
Produção e distribuição de vapor, água quente e ar condicionado;47;203;874;118;14
Captação, tratamento e distribuição de água;11622;29772;62248;23697;13410
Distribuição de água por caminhões;32;1270;2015;269;53
Gestão de redes de esgoto;93;2730;4297;830;929
Atividades relacionadas a esgoto, exceto a gestão de redes;433;5496;3392;2146;691
Coleta de resíduos não-perigosos;7188;44664;97246;23402;24099
Coleta de resíduos perigosos;1602;1576;5874;1823;950
Tratamento e disposição de resíduos não-perigosos;459;5579;8710;2505;624
Tratamento e disposição de resíduos perigosos;378;1561;4313;809;85
Recuperação de sucatas de alumínio;197;580;1472;658;684
Recuperação de materiais metálicos, exceto alumínio;826;1070;5125;1472;461
Recuperação de materiais plásticos;462;3085;7930;5254;747
Usinas de compostagem;47;133;542;540;199
Recuperação de materiais não especificados anteriormente;560;1256;6025;2402;3282
Descontaminação e outros serviços de gestão de resíduos;39;314;930;316;387
Incorporação de empreendimentos imobiliários;5043;43969;73757;29108;20442
Construção de edifícios;57528;285348;397453;155826;102380
Construção de rodovias e ferrovias;16638;37411;85521;23025;20814
Pintura para sinalização em pistas rodoviárias e aeroportos;184;1542;2585;2035;419
Construção de obras-de-arte especiais;4232;5535;12596;5491;1232
Obras de urbanização - ruas, praças e calçadas;3753;11917;40254;10146;5440
Construção de barragens e represas para geração de energia elétrica;175;1684;1371;1298;331
Construção de estações e redes de distribuição de energia elétrica;7133;23422;44845;12437;7694
Manutenção de redes de distribuição de energia elétrica;1957;6138;10035;3293;3020
Construção de estações e redes de telecomunicações;954;4347;17882;3915;3928
Manutenção de estações e redes de telecomunicações;2515;3367;21543;3632;1260
Construção de redes de abastecimento de água, coleta de esgoto e construções correlatas, exceto obras de irrigação;1889;20228;33870;7172;2493
Obras de irrigação;32;265;969;121;146
Construção de redes de transportes por dutos, exceto para água e esgoto;363;1734;1726;208;8
Obras portuárias, marítimas e fluviais;1252;1768;2441;1518;15
Montagem de estruturas metálicas;6009;6659;23034;12207;4221
Obras de montagem industrial;10125;17478;59767;5000;6809
Construção de instalações esportivas e recreativas;99;439;1554;229;117
Outras obras de engenharia civil não especificadas anteriormente;6201;22085;65744;9881;6944
Demolição de edifícios e outras estruturas;92;434;3227;280;68
Preparação de canteiro e limpeza de terreno;68;185;1094;465;380
Perfurações e sondagens;1355;2052;7889;807;1201
Obras de terraplenagem;9791;12499;39101;18322;10096
Serviços de preparação do terreno não especificados anteriormente;3937;848;4476;1720;552
Instalação e manutenção elétrica;15509;41869;130926;41750;20970
Instalações hidráulicas, sanitárias e de gás;995;3884;21304;5366;1078
Instalação e manutenção de sistemas centrais de ar condicionado, de ventilação e refrigeração;4683;11895;43799;8837;8245
Instalações de sistema de prevenção contra incêndio;228;791;8720;1558;713
Instalação de painéis publicitários;176;841;3617;880;652
Instalação de equipamentos para orientação à navegação marítima, fluvial e lacustre;3;7;65;4;0
Instalação, manutenção e reparação de elevadores, escadas e esteiras rolantes, exceto de fabricação própria;444;2317;13074;3582;1680
Montagem e instalação de sistemas e equipamentos de iluminação e sinalização em vias públicas, portos e aeroportos;309;2031;5815;1169;1218
Tratamentos térmicos, acústicos ou de vibração;147;632;2976;547;321
Outras obras de instalações em construções não especificadas anteriormente;586;2822;17540;3244;1114
Impermeabilização em obras de engenharia civil;84;1335;7833;2263;524
Instalação de portas, janelas, tetos, divisórias e armários embutidos de qualquer material;547;2674;10689;3611;1741
Obras de acabamento em gesso e estuque;327;2939;12219;3502;1650
Serviços de pintura de edifícios em geral;1036;5060;27816;13271;4774
Aplicação de revestimentos e de resinas em interiores e exteriores;173;1872;8874;4043;1689
Outras obras de acabamento da construção;519;7068;34736;10635;2727
Obras de fundações;759;3086;14523;3594;1423
Administração de obras;980;5493;29748;4224;2876
Montagem e desmontagem de andaimes e outras estruturas temporárias;1172;3104;10934;2140;1032
Obras de alvenaria;3971;10794;60049;30495;10775
Serviços de operação e fornecimento de equipamentos para transporte e elevação de cargas e pessoas para uso em obras;1134;2230;13567;2587;1074
Perfuração e construção de poços de água;464;1376;2429;1219;523
Serviços especializados para construção não especificados anteriormente;1167;9791;35730;11097;5241
Comércio a varejo de automóveis, camionetas e utilitários novos;12590;34018;79522;36246;21031
Comércio a varejo de automóveis, camionetas e utilitários usados;1470;6059;16315;8927;3948
Comércio por atacado de automóveis, camionetas e utilitários novos e usados;86;617;3465;258;87
Comércio por atacado de caminhões novos e usados;1669;3991;11158;6495;3857
Comércio por atacado de reboques e semi-reboques novos e usados;84;108;1468;787;442
Comércio por atacado de ônibus e microônibus novos e usados;39;3;173;194;47
Representantes comerciais e agentes do comércio de veículos automotores;308;336;515;251;283
Comércio sob consignação de veículos automotores;190;664;1002;669;795
Serviços de manutenção e reparação mecânica de veículos automotores;7339;23780;68758;38687;20547
Serviços de lanternagem ou funilaria e pintura de veículos automotores;767;4245;13111;5899;2754
Serviços de manutenção e reparação elétrica de veículos automotores;954;1079;4396;3621;1815
Serviços de alinhamento e balanceamento de veículos automotores;635;2062;5905;2467;1930
Serviços de lavagem, lubrificação e polimento de veículos automotores;1148;5363;14956;5990;4026
Serviços de borracharia para veículos automotores;584;1036;4601;3398;1694
Serviços de instalação, manutenção e reparação de acessórios para veículos automotores;1007;4065;12320;3980;1942
Serviços de capotaria;73;420;454;225;142
Comércio por atacado de peças e acessórios novos para veículos automotores;6899;16837;49551;22059;15761
Comércio por atacado de pneumáticos e câmaras-de-ar;1056;2747;4269;3487;1095
Comércio a varejo de peças e acessórios novos para veículos automotores;21137;54265;155400;63498;40062
Comércio a varejo de peças e acessórios usados para veículos automotores;438;1519;5557;4582;1787
Comércio a varejo de pneumáticos e câmaras-de-ar;2599;6918;20063;10282;4570
Representantes comerciais e agentes do comércio de peças e acessórios novos e usados para veículos automotores;170;338;354;236;157
Comércio por atacado de motocicletas e motonetas;505;198;829;246;196
Comércio por atacado de peças e acessórios para motocicletas e motonetas;1801;3882;2272;948;980
Comércio a varejo de motocicletas e motonetas novas;6309;18695;16208;5175;4336
Comércio a varejo de motocicletas e motonetas usadas;78;357;1124;435;339
Comércio a varejo de peças e acessórios para motocicletas e motonetas (Desativado);0;0;0;0;0
Comércio a varejo de peças e acessórios novos para motocicletas e motonetas;4193;12151;14651;4619;4381
Comércio a varejo de peças e acessórios usados para motocicletas e motonetas;9;71;120;57;32
Representantes comerciais e agentes do comércio de motocicletas e motonetas, peças e acessórios;43;181;65;24;27
Comércio sob consignação de motocicletas e motonetas;16;48;54;23;39
Manutenção e reparação de motocicletas e motonetas;502;1397;3112;1362;1021
Representantes comerciais e agentes do comércio de matérias-primas agrícolas e animais vivos;332;416;1315;689;557
Representantes comerciais e agentes do comércio de combustíveis, minerais, produtos siderúrgicos e químicos;120;274;1035;536;331
Representantes comerciais e agentes do comércio de madeira, material de construção e ferragens;488;1280;1772;984;556
Representantes comerciais e agentes do comércio de máquinas, equipamentos, embarcações e aeronaves;416;692;1695;934;245
Representantes comerciais e agentes do comércio de eletrodomésticos, móveis e artigos de uso doméstico;222;628;966;895;248
Representantes comerciais e agentes do comércio de têxteis, vestuário, calçados e artigos de viagem;202;654;1233;648;242
Representantes comerciais e agentes do comércio de produtos alimentícios, bebidas e fumo;1411;4911;3964;2231;904
Representantes comerciais e agentes do comércio de medicamentos, cosméticos e produtos de perfumaria;191;397;1336;137;151
Representantes comerciais e agentes do comércio de instrumentos e materiais odonto-médico-hospitalares;191;197;6085;90;127
Representantes comerciais e agentes do comércio de jornais, revistas e outras publicações;30;21;34;29;20
Outros representantes comerciais e agentes do comércio especializado em produtos não especificados anteriormente;534;573;3320;1195;590
Representantes comerciais e agentes do comércio de mercadorias em geral não especializado;2160;3813;11085;3634;1985
Comércio atacadista de café em grão;224;243;9897;246;13
Comércio atacadista de soja;1536;794;1571;10406;5864
Comércio atacadista de animais vivos;1062;214;1021;1387;220
Comércio atacadista de couros, lãs, peles e outros subprodutos não-comestíveis de origem animal;33;240;703;919;205
Comércio atacadista de algodão;11;147;294;6;459
Comércio atacadista de fumo em folha não beneficiado;3;0;0;789;0
Comércio atacadista de cacau;135;504;43;0;0
Comércio atacadista de sementes, flores, plantas e gramas;324;681;5644;3251;3140
Comércio atacadista de sisal;0;14;0;0;0
Comércio atacadista de matérias-primas agrícolas com atividade de fracionamento e acondicionamento associada;56;265;784;2304;561
Comércio atacadista de alimentos para animais;1245;3349;10239;3662;1684
Comércio atacadista de matérias-primas agrícolas não especificadas anteriormente;395;410;3714;18284;3692
Comércio atacadista de leite e laticínios;259;4409;14374;2932;1228
Comércio atacadista de cereais e leguminosas beneficiados;901;3212;6103;13319;4444
Comércio atacadista de farinhas, amidos e féculas;162;795;1250;816;251
Comércio atacadista de cereais e leguminosas beneficiados, farinhas, amidos e féculas, com atividade de fracionamento e acondicionamento associada;888;1111;2322;1656;806
Comércio atacadista de frutas, verduras, raízes, tubérculos, hortaliças e legumes frescos;2739;11341;54465;13229;6378
Comércio atacadista de aves vivas e ovos;286;1402;2100;549;372
Comércio atacadista de coelhos e outros pequenos animais vivos para alimentação;0;1;0;0;0
Comércio atacadista de carnes bovinas e suínas e derivados;2665;8456;17732;8428;2573
Comércio atacadista de aves abatidas e derivados;468;1605;1902;958;983
Comércio atacadista de pescados e frutos do mar;443;1476;2480;1542;630
Comércio atacadista de carnes e derivados de outros animais;27;180;216;199;136
Comércio atacadista de água mineral;549;1604;1376;398;470
Comércio atacadista de cerveja, chope e refrigerante;6216;24721;41833;12910;7102
Comércio atacadista de bebidas com atividade de fracionamento e acondicionamento associada;460;1654;742;1078;117
Comércio atacadista de bebidas não especificadas anteriormente;600;2983;7151;2753;2221
Comércio atacadista de fumo beneficiado;11;222;186;453;44
Comércio atacadista de cigarros, cigarrilhas e charutos;145;422;2697;1084;413
Comércio atacadista de café torrado, moído e solúvel;31;186;963;272;77
Comércio atacadista de açúcar;415;243;706;186;56
Comércio atacadista de óleos e gorduras;43;129;520;150;50
Comércio atacadista de pães, bolos, biscoitos e similares;314;1412;9685;1854;937
Comércio atacadista de massas alimentícias;273;216;2364;850;104
Comércio atacadista de sorvetes;263;1577;3643;1032;660
Comércio atacadista de chocolates, confeitos, balas, bombons e semelhantes;993;1940;4095;1903;260
Comércio atacadista especializado em outros produtos alimentícios não especificados anteriormente;1689;4302;14592;7325;2162
Comércio atacadista de produtos alimentícios em geral;14364;45771;101689;33170;21001
Comércio atacadista de produtos alimentícios em geral, com atividade de fracionamento e acondicionamento associada;619;1713;6375;1344;1685
Comércio atacadista de tecidos;247;3785;7115;1882;742
Comércio atacadista de artigos de cama, mesa e banho;403;473;1309;772;206
Comércio atacadista de artigos de armarinho;729;2676;4155;1418;456
Comércio atacadista de artigos do vestuário e acessórios, exceto profissionais e de segurança;668;3208;17428;7095;1667
Comércio atacadista de roupas e acessórios para uso profissional e de segurança do trabalho;1103;785;6271;2525;599
Comércio atacadista de calçados;677;1302;3327;741;310
Comércio atacadista de bolsas, malas e artigos de viagem;10;444;1819;346;76
Comércio atacadista de medicamentos e drogas de uso humano;6256;18123;43872;13575;9616
Comércio atacadista de medicamentos e drogas de uso veterinário;970;1438;4460;2147;606
Comércio atacadista de instrumentos e materiais para uso médico, cirúrgico, hospitalar e de laboratórios;2135;6941;30379;6778;3545
Comércio atacadista de próteses e artigos de ortopedia;174;342;1923;743;396
Comércio atacadista de produtos odontológicos;227;643;3640;2948;434
Comércio atacadista de cosméticos e produtos de perfumaria;4165;10194;38916;5578;6778
Comércio atacadista de produtos de higiene pessoal;368;4804;15241;517;1182
Comércio atacadista de artigos de escritório e de papelaria;1158;2707;9239;2230;745
Comércio atacadista de livros, jornais e outras publicações;113;988;3782;1430;135
Comércio atacadista de equipamentos elétricos de uso pessoal e doméstico;643;1900;3007;1892;668
Comércio atacadista de aparelhos eletrônicos de uso pessoal e doméstico;140;1219;4470;2453;630
Comércio atacadista de bicicletas, triciclos e outros veículos recreativos;44;450;902;435;67
Comércio atacadista de móveis e artigos de colchoaria;414;3248;2958;1377;552
Comércio atacadista de artigos de tapeçaria, persianas e cortinas;19;46;1304;336;74
Comércio atacadista de lustres, luminárias e abajures;2;65;1113;996;57
Comércio atacadista de filmes, CDs, DVDs, fitas e discos;9;9;157;13;24
Comércio atacadista de produtos de higiene, limpeza e conservação domiciliar;1282;5282;9868;2066;1634
Comércio atacadista de produtos de higiene, limpeza e conservação domiciliar, com atividade de fracionamento e acondicionamento associada;530;940;870;841;200
Comércio atacadista de jóias, relógios e bijuterias, inclusive pedras preciosas e semipreciosas lapidadas;125;507;4914;726;275
Comércio atacadista de outros equipamentos e artigos de uso pessoal e doméstico não especificados anteriormente;892;5020;21403;6566;1323
Comércio atacadista de equipamentos de informática;397;2357;14836;2702;751
Comércio atacadista de suprimentos para informática;28;693;933;421;155
Comércio atacadista de componentes eletrônicos e equipamentos de telefonia e comunicação;437;1582;10741;2393;666
Comércio atacadista de máquinas, aparelhos e equipamentos para uso agropecuário, partes e peças;3696;4420;16554;14976;12729
Comércio atacadista de máquinas, equipamentos para terraplenagem, mineração e construção, partes e peças;2955;1778;8655;1355;1526
Comércio atacadista de máquinas e equipamentos para uso industrial, partes e peças;860;3494;33454;11438;1178
Comércio atacadista de máquinas, aparelhos e equipamentos para uso odonto-médico-hospitalar, partes e peças;221;972;8005;1498;571
Comércio atacadista de máquinas e equipamentos para uso comercial, partes e peças;591;1465;6237;2580;874
Comércio atacadista de bombas e compressores, partes e peças;69;363;2217;554;342
Comércio atacadista de outras máquinas e equipamentos não especificados anteriormente, partes e peças;704;2563;23199;5474;2859
Comércio atacadista de madeira e produtos derivados;1707;1863;5791;7475;1546
Comércio atacadista de ferragens e ferramentas;1364;8784;19023;9234;2630
Comércio atacadista de material elétrico;921;5196;11557;4097;2014
Comércio atacadista de cimento;645;881;2520;491;266
Comércio atacadista de tintas, vernizes e similares;264;380;2935;1164;751
Comércio atacadista de mármores e granitos;170;623;5048;810;367
Comércio atacadista de vidros, espelhos e vitrais;180;829;2179;815;674
Comércio atacadista especializado de materiais de construção não especificados anteriormente;871;2112;6660;2128;812
Comércio atacadista de materiais de construção em geral;5333;17422;15041;4585;4562
Comércio atacadista de álcool carburante, biodiesel, gasolina e demais derivados de petróleo, exceto lubrificantes, não realizado por transportador re;1634;3221;8395;2883;1581
Comércio atacadista de combustíveis realizado por transportador retalhista (TRR);626;964;3363;2603;1808
Comércio atacadista de combustíveis de origem vegetal, exceto álcool carburante;54;82;1022;488;334
Comércio atacadista de combustíveis de origem mineral em bruto;0;19;38;50;28
Comércio atacadista de lubrificantes;849;1484;3949;1971;1016
Comércio atacadista de gás liqüefeito de petróleo (GLP);1711;3497;9521;3511;1593
Comércio atacadista de defensivos agrícolas, adubos, fertilizantes e corretivos do solo;2453;4598;21309;16487;10215
Comércio atacadista de resinas e elastômeros;6;261;1522;518;86
Comércio atacadista de solventes;1;1;55;46;0
Comércio atacadista de outros produtos químicos e petroquímicos não especificados anteriormente;518;1729;9963;3210;475
Comércio atacadista de produtos siderúrgicos e metalúrgicos, exceto para construção;229;834;13848;3738;238
Comércio atacadista de papel e papelão em bruto;115;192;1828;1118;85
Comércio atacadista de embalagens;883;3685;20248;5392;2207
Comércio atacadista de resíduos de papel e papelão;86;1226;8343;3760;812
Comércio atacadista de resíduos e sucatas não-metálicos, exceto de papel e papelão;396;1048;5662;1540;404
Comércio atacadista de resíduos e sucatas metálicos;1011;3843;19307;5029;1383
Comércio atacadista de produtos da extração mineral, exceto combustíveis;126;3111;3145;449;65
Comércio atacadista de fios e fibras têxteis beneficiados;9;198;1371;532;30
Comércio atacadista especializado em outros produtos intermediários não especificados anteriormente;467;2244;24493;9222;899
Comércio atacadista de mercadorias em geral, com predominância de produtos alimentícios;12122;60257;62449;28050;19459
Comércio atacadista de mercadorias em geral, com predominância de insumos agropecuários;1008;1765;5260;7434;2946
Comércio atacadista de mercadorias em geral, sem predominância de alimentos ou de insumos agropecuários;2053;12944;42215;4965;3903
Comércio varejista de mercadorias em geral, com predominância de produtos alimentícios - hipermercados;19034;59613;149722;81548;23817
Comércio varejista de mercadorias em geral, com predominância de produtos alimentícios - supermercados;80793;196762;659518;252744;95760
Comércio varejista de mercadorias em geral, com predominância de produtos alimentícios - minimercados, mercearias e armazéns;37145;106877;204976;59088;26779
Lojas de departamentos ou magazines (Desativado);0;0;0;0;0
Lojas de variedades, exceto lojas de departamentos ou magazines;2654;6724;21808;6797;4171
Lojas duty free de aeroportos internacionais (Desativado);0;0;0;0;0
Lojas de departamentos ou magazines, exceto lojas francas (Duty free);11020;23260;50697;19427;5458
Lojas francas (Duty Free) de aeroportos, portos e em fronteiras terrestres;12;63;1351;1422;50
Padaria e confeitaria com predominância de produção própria (Desativado);0;0;0;0;0
Padaria e confeitaria com predominância de revenda;9913;25075;130786;29610;18036
Comércio varejista de laticínios e frios;1259;4319;8012;1257;1867
Comércio varejista de doces, balas, bombons e semelhantes;2590;8276;31470;6478;3508
Comércio varejista de carnes - açougues;4594;16078;51409;7858;6270
Peixaria;556;1718;4227;1038;606
Comércio varejista de bebidas;3434;12705;29795;9661;8632
Comércio varejista de hortifrutigranjeiros;2014;12710;57211;9280;6644
Tabacaria;166;233;2100;911;459
Comércio varejista de mercadorias em lojas de conveniência;3649;7422;12354;7120;4314
Comércio varejista de produtos alimentícios em geral ou especializado em produtos alimentícios não especificados anteriormente;12669;30988;82071;28592;14767
Comércio varejista de combustíveis para veículos automotores;32280;85052;161160;87403;39418
Comércio varejista de lubrificantes;1271;1696;7025;2157;1283
Comércio varejista de tintas e materiais para pintura;2455;6225;24273;11150;4108
Comércio varejista de material elétrico;3649;7832;33048;15544;6632
Comércio varejista de vidros;1836;5303;19474;7030;3596
Comércio varejista de ferragens e ferramentas;9951;13910;58726;24730;13299
Comércio varejista de madeira e artefatos;1606;10783;30210;10718;4998
Comércio varejista de materiais hidráulicos;527;2172;9135;2693;1168
Comércio varejista de cal, areia, pedra britada, tijolos e telhas;773;1345;4860;2077;1361
Comércio varejista de materiais de construção não especificados anteriormente;3015;13864;66092;19473;9411
Comércio varejista de pedras para revestimento;542;1510;6168;1805;1309
Comércio varejista de materiais de construção em geral;29023;79127;133768;55714;30611
Comércio varejista especializado de equipamentos e suprimentos de informática (Desativado);0;0;1;4;0
Comércio varejista especializado de equipamentos e suprimentos de informática;4431;12858;59193;18294;8981
Recarga de cartuchos para equipamentos de informática;36;213;464;125;82
Comércio varejista especializado de equipamentos de telefonia e comunicação;5179;19008;36716;12870;7504
Comércio varejista especializado de eletrodomésticos e equipamentos de áudio e vídeo;12376;19364;67210;30950;16265
Comércio varejista de móveis;11623;49483;73538;39132;14313
Comércio varejista de artigos de colchoaria;1456;3823;8907;2570;1567
Comércio varejista de artigos de iluminação;220;746;4615;1332;541
Comércio varejista de tecidos;3518;8531;11557;3712;2856
Comercio varejista de artigos de armarinho;5590;14145;17611;5323;2811
Comercio varejista de artigos de cama, mesa e banho;1571;6122;16368;3502;2721
Comércio varejista especializado de instrumentos musicais e acessórios;440;805;2220;670;357
Comércio varejista especializado de peças e acessórios para aparelhos eletroeletrônicos para uso doméstico, exceto informática e comunicação;2259;5188;17956;6366;2892
Comércio varejista de artigos de tapeçaria, cortinas e persianas;539;1429;8073;3210;1674
Comércio varejista de outros artigos de uso doméstico não especificados anteriormente;2942;11456;44798;17338;6510
Comércio varejista de livros;1107;4208;15614;4940;1645
Comércio varejista de jornais e revistas;47;239;1742;575;198
Comércio varejista de artigos de papelaria;5401;10575;41596;11172;6251
Comércio varejista de discos, CDs, DVDs e fitas;33;204;549;143;68
Comércio varejista de brinquedos e artigos recreativos;1245;4699;13469;5610;2217
Comércio varejista de artigos esportivos;1427;5156;23327;6055;2869
Comércio varejista de bicicletas e triciclos, peças e acessórios;1045;3386;7179;2154;1396
Comércio varejista de artigos de caça, pesca e camping;803;787;2444;1208;831
Comércio varejista de embarcações e outros veículos recreativos, peças e acessórios;596;187;1475;678;392
Comércio varejista de produtos farmacêuticos, sem manipulação de fórmulas;27547;103072;235806;93257;41752
Comércio varejista de produtos farmacêuticos, com manipulação de fórmulas;2683;9490;40772;12907;5070
Comércio varejista de produtos farmacêuticos homeopáticos;80;332;791;277;224
Comércio varejista de medicamentos veterinários;4206;5731;10460;5754;7561
Comércio varejista de cosméticos, produtos de perfumaria e de higiene pessoal;8685;27881;76251;20955;11614
Comércio varejista de artigos médicos e ortopédicos;1019;3383;9988;3962;1728
Comércio varejista de artigos de óptica;6463;24067;42379;14290;7699
Comércio varejista de artigos do vestuário e acessórios;42169;113730;308456;115059;57295
Comércio varejista de calçados;9908;37178;70862;26477;14752
Comércio varejista de artigos de viagem;911;2604;6139;1503;1007
Comércio varejista de artigos de joalheria;1591;5570;19205;7935;3045
Comércio varejista de artigos de relojoaria;276;829;2518;1189;283
Comércio varejista de gás liqüefeito de petróleo (GLP);3681;13866;21013;6789;4215
Comércio varejista de antigüidades;1;35;342;87;27
Comércio varejista de outros artigos usados;364;1076;6016;1773;954
Comércio varejista de suvenires, bijuterias e artesanatos;4265;14795;33289;11142;5023
Comércio varejista de plantas e flores naturais;870;4345;16492;6850;3204
Comércio varejista de objetos de arte;24;257;1548;223;119
Comércio varejista de animais vivos e de artigos e alimentos para animais de estimação;3619;12247;51109;14414;7332
Comércio varejista de produtos saneantes domissanitários;1287;4602;12901;4944;2248
Comércio varejista de fogos de artifício e artigos pirotécnicos;31;98;273;89;45
Comércio varejista de equipamentos para escritório;372;809;2063;1024;476
Comércio varejista de artigos fotográficos e para filmagem;251;929;3009;1287;299
Comércio varejista de armas e munições;149;221;463;326;205
Comércio varejista de outros produtos não especificados anteriormente;5530;23088;95415;30081;9985
Transporte ferroviário de carga;434;7683;22458;4183;1697
Transporte ferroviário de passageiros intermunicipal e interestadual;0;1;0;0;0
Transporte ferroviário de passageiros municipal e em região metropolitana;0;2074;15488;0;592
Transporte metroviário;0;1931;10962;1050;1201
Transporte rodoviário coletivo de passageiros, com itinerário fixo, municipal;15838;46020;178921;34251;21591
Transporte rodoviário coletivo de passageiros, com itinerário fixo, intermunicipal em região metropolitana;1140;15912;57271;11498;7432
Transporte rodoviário coletivo de passageiros, com itinerário fixo, intermunicipal, exceto em região metropolitana;596;6887;25874;9245;1678
Transporte rodoviário coletivo de passageiros, com itinerário fixo, interestadual;4677;6883;20986;5021;7440
Transporte rodoviário coletivo de passageiros, com itinerário fixo, internacional;0;41;72;108;0
Serviço de táxi;128;441;847;107;160
Serviço de transporte de passageiros - locação de automóveis com motorista;1196;7880;5025;1711;2281
Transporte escolar;2718;4030;18537;5111;2892
Transporte rodoviário coletivo de passageiros, sob regime de fretamento, municipal;3934;6367;14333;5102;3138
Transporte rodoviário coletivo de passageiros, sob regime de fretamento, intermunicipal, interestadual e internacional;1639;8206;44817;12186;4130
Organização de excursões em veículos rodoviários próprios, municipal;2;150;119;49;16
Organização de excursões em veículos rodoviários próprios, intermunicipal, interestadual e internacional;26;310;296;567;137
Outros transportes rodoviários de passageiros não especificados anteriormente;26;69;327;48;29
Transporte rodoviário de carga, exceto produtos perigosos e mudanças, municipal;10414;22760;96778;30623;18296
Transporte rodoviário de carga, exceto produtos perigosos e mudanças, intermunicipal, interestadual e internacional;40447;119930;547553;275145;98915
Transporte rodoviário de produtos perigosos;3714;14366;54633;15996;9746
Transporte rodoviário de mudanças;233;722;2896;938;417
Transporte dutoviário;176;735;5637;355;105
Trens turísticos, teleféricos e similares;0;21;127;12;0
Transporte marítimo de cabotagem - Carga;210;130;3550;57;0
Transporte marítimo de cabotagem - passageiros;47;21;8;7;0
Transporte marítimo de longo curso - Carga;18;0;533;40;0
Transporte marítimo de longo curso - Passageiros;20;8;0;0;0
Transporte por navegação interior de carga, municipal, exceto travessia;293;24;165;32;107
Transporte por navegação interior de carga, intermunicipal, interestadual e internacional, exceto travessia;9352;11;446;729;236
Transporte por navegação interior de passageiros em linhas regulares, municipal, exceto travessia;239;40;58;28;0
Transporte por navegação interior de passageiros em linhas regulares, intermunicipal, interestadual e internacional, exceto travessia;1532;568;3;83;13
Navegação de apoio marítimo;265;674;20885;1001;0
Navegação de apoio portuário;577;1487;2959;929;0
Serviços de rebocadores e empurradores;0;0;93;8;0
Transporte por navegação de travessia, municipal;664;349;142;92;5
Transporte por navegação de travessia, intermunicipal;926;617;370;507;48
Transporte aquaviário para passeios turísticos;11;335;293;430;106
Outros transportes aquaviários não especificados anteriormente;181;19;30;12;0
Transporte aéreo de passageiros regular;1586;4348;34715;3156;4051
Serviço de táxi aéreo e locação de aeronaves com tripulação;680;301;5687;842;592
Outros serviços de transporte aéreo de passageiros não-regular;306;67;209;40;34
Transporte aéreo de carga;137;175;1054;144;48
Transporte espacial;0;1;9;0;0
Armazéns gerais - emissão de warrant;3130;4496;41545;15690;8198
Guarda-móveis;100;193;1905;245;126
Depósitos de mercadorias para terceiros, exceto armazéns gerais e guarda-móveis;2155;5419;34603;9987;2887
Carga e descarga;4198;12269;39184;21411;9133
Concessionárias de rodovias, pontes, túneis e serviços relacionados;606;1070;22567;6812;4910
Terminais rodoviários e ferroviários;280;3139;3903;597;337
Estacionamento de veículos;1561;8146;50450;9444;2835
Serviços de apoio ao transporte por táxi, inclusive centrais de chamada;24;279;426;115;36
Serviços de reboque de veículos;661;2906;8178;3070;1387
Outras atividades auxiliares dos transportes terrestres não especificadas anteriormente;319;1243;6639;1518;561
Administração da infra-estrutura portuária;241;1565;1950;861;4
Operações de terminais;4442;6493;28638;11616;266
Gestão de terminais aquaviários;354;103;402;0;33
Atividades de agenciamento marítimo;372;1134;9598;2674;22
Atividades auxiliares dos transportes aquaviários não especificadas anteriormente(Desativado);0;0;0;0;0
Serviços de praticagem;189;151;97;48;0
Atividades auxiliares dos transportes aquaviários não especificadas anteriormente;253;601;1024;566;10
Operação dos aeroportos e campos de aterrissagem;489;1916;5479;921;4495
Atividades auxiliares dos transportes aéreos, exceto operação dos aeroportos e campos de aterrissagem;3221;5952;28673;3727;3132
Comissaria de despachos;506;158;5736;2163;30
Atividades de despachantes aduaneiros;252;349;2421;2019;82
Agenciamento de cargas, exceto para o transporte marítimo;350;1107;9206;2108;590
Organização logística do transporte de carga;1825;7403;27774;7025;1919
Operador de transporte multimodal - OTM;2118;468;3332;569;430
Atividades do Correio Nacional;4628;16186;42814;12902;9381
Atividades de franqueadas e permissionárias do Correio Nacional;64;811;6166;1706;573
Serviços de malote não realizados pelo Correio Nacional;995;1421;8167;1829;1679
Serviços de entrega rápida;3609;12683;16466;5024;4463
Hotéis;13413;93865;134811;53500;29016
Apart-hotéis;174;829;2070;896;540
Motéis;3692;8793;16214;4919;3771
Albergues, exceto assistenciais;32;305;662;166;52
Campings;42;40;440;213;49
Pensões (alojamento);388;1015;2094;730;300
Outros alojamentos não especificados anteriormente;404;3260;7178;1438;837
Restaurantes e similares;40273;172089;466919;160442;82548
Bares e outros estabelecimentos especializados em servir bebidas (Desativado);0;0;0;0;0
Lanchonetes, casas de chá, de sucos e similares;18882;71795;289890;71249;41169
Bares e outros estabelecimentos especializados em servir bebidas, sem entretenimento;1031;7784;27646;5943;3812
Bares e outros estabelecimentos especializados em servir bebidas, com entretenimento;975;5464;10341;3599;2409
Serviços ambulantes de alimentação;746;1380;4361;1093;814
Fornecimento de alimentos preparados preponderantemente para empresas;19273;38205;162697;46582;17298
Serviços de alimentação para eventos e recepções - bufê;2376;5422;41096;4974;7479
Cantinas - serviços de alimentação privativos;826;1420;9865;1561;925
Fornecimento de alimentos preparados preponderantemente para consumo domiciliar;2961;10361;38760;12887;6105
Edição de livros;150;901;12203;1780;1479
Edição de jornais (Desativado);0;0;0;0;0
Edição de jornais diarios;284;543;1486;845;609
Edição de jornais nao diarios;1;8;234;174;36
Edição de revistas;7;60;1837;270;71
Edição de cadastros, listas e outros produtos gráficos;55;209;1309;349;124
Edição integrada à impressão de livros;33;1203;5453;1572;20
Edição integrada à impressão de jornais (Desativado);0;0;0;0;0
Edição integrada à impressão de jornais diarios;412;1206;4912;2504;1058
Edição integrada à impressão de jornais nao diarios;0;7;77;90;0
Edição integrada à impressão de revistas;32;13;482;137;5
Edição integrada à impressão de cadastros, listas e outros produtos gráficos;164;1226;5135;2196;365
Estúdios cinematográficos;16;63;501;150;22
Produção de filmes para publicidade;199;441;881;428;306
Atividades de produção cinematográfica, de vídeos e de programas de televisão não especificadas anteriormente;110;824;4457;418;3348
Serviços de dublagem;0;0;174;1;0
Serviços de mixagem sonora em produção audiovisual;0;5;108;4;1
Atividades de pós-produção cinematográfica, de vídeos e de programas de televisão não especificadas anteriormente;37;162;657;208;78
Distribuição cinematográfica, de vídeo e de programas de televisão;1;44;1212;27;5
Atividades de exibição cinematográfica;628;1969;7152;2184;1039
Atividades de gravação de som e de edição de música;69;343;909;238;110
Atividades de rádio;1723;4998;8444;9085;2608
Atividades de televisão aberta;3144;5939;26021;5033;5016
Programadoras;0;157;2294;78;48
Atividades relacionadas à televisão por assinatura, exceto programadoras;0;15;917;6;0
Serviços de telefonia fixa comutada - STFC;919;4612;18867;8133;2015
Serviços de redes de transporte de telecomunicações - SRTT;4;41;246;66;186
Serviços de comunicação multimídia - SCM;9053;44136;49309;17806;12308
Serviços de telecomunicações por fio não especificados anteriormente;17;372;330;24;19
Telefonia móvel celular;971;2495;19054;2273;1644
Serviço móvel especializado - SME;231;440;4913;1020;445
Serviços de telecomunicações sem fio não especificados anteriormente;2;79;8881;104;69
Telecomunicações por satélite;198;3;672;15;220
Operadoras de televisão por assinatura por cabo;50;858;635;71;32
Operadoras de televisão por assinatura por microondas;0;0;0;0;0
Operadoras de televisão por assinatura por satélite;0;4;244;12;0
Provedores de acesso às redes de comunicações;4659;12026;18825;7806;3412
Provedores de voz sobre protocolo internet - VOIP;14;89;261;95;14
Outras atividades de telecomunicações não especificadas anteriormente;356;1824;14816;3990;2273
Desenvolvimento de programas de computador sob encomenda (Desativado);0;0;0;0;0
Desenvolvimento de programas de computador sob encomenda;937;13470;118048;36835;24357
web design;19;157;663;205;93
Desenvolvimento e licenciamento de programas de computador customizáveis;2967;8752;61052;28498;5767
Desenvolvimento e licenciamento de programas de computador não-customizáveis;278;4425;46386;27233;9092
Consultoria em tecnologia da informação;2776;31954;69634;14322;8800
Suporte técnico, manutenção e outros serviços em tecnologia da informação;7390;30747;74625;26161;18247
Tratamento de dados, provedores de serviços de aplicação e serviços de hospedagem na internet;1560;5349;39679;11011;2605
Portais, provedores de conteúdo e outros serviços de informação na internet;902;5513;40689;9710;4286
Agências de notícias;59;88;611;566;184
Outras atividades de prestação de serviços de informação não especificadas anteriormente;855;2896;8513;2486;2863
Banco Central;41;284;1222;246;1432
Bancos comerciais;2844;353;19650;864;158
Bancos múltiplos, com carteira comercial;10969;40186;193388;38987;17560
Caixas econômicas;4041;15011;31726;12355;24072
Bancos cooperativos;0;0;24;302;651
Cooperativas centrais de crédito;424;228;938;5191;573
Cooperativas de crédito mútuo;5381;4853;37196;45240;15619
Cooperativas de crédito rural;1128;279;1304;8509;1035
Bancos múltiplos, sem carteira comercial;0;48;3527;954;13
Bancos de investimento;0;16;402;0;0
Bancos de desenvolvimento;0;73;3408;414;93
Agências de fomento;324;396;387;378;240
Sociedades de crédito imobiliário;0;508;0;0;1
Associações de poupança e empréstimo;26;28;83;43;1025
Companhias hipotecárias;0;10;5;61;0
Sociedades de crédito, financiamento e investimento - financeiras;2;128;10608;1237;118
Sociedades de crédito ao microempreendedor;4;279;230;30;2
Bancos de Câmbio;0;0;348;38;0
Outras Instituições de Intermediação Não-Monetária não especificadas anteriormente;0;0;36;77;8
Arrendamento mercantil;0;0;228;1;3
Sociedades de capitalização;14;53;1803;131;37
Holdings de instituições financeiras;25;2;1438;67;5
Holdings de instituições não-financeiras;1483;6608;52186;9332;6744
Outras sociedades de participação, exceto holdings;554;1203;14587;1736;1172
Fundos de investimento, exceto previdenciários e imobiliários;0;0;0;0;0
Fundos de investimento previdenciários;0;0;0;0;0
Fundos de investimento imobiliários;0;0;1;0;0
Sociedades de fomento mercantil - factoring;87;256;1683;311;171
Securitização de créditos;284;450;2182;1000;266
Administração de consórcios para aquisição de bens e direitos;103;1260;10392;2589;906
Clubes de investimento;0;0;0;0;0
Sociedades de investimento;0;2;9;0;4
Fundo garantidor de crédito;759;0;10;2;32
Caixas de financiamento de corporações;0;0;13;0;0
Concessão de crédito pelas OSCIP;59;531;11;888;0
Outras atividades de serviços financeiros não especificadas anteriormente;52;426;6401;1684;16966
Seguros de vida;72;446;10261;720;374
Planos de auxílio-funeral;49;184;1175;795;194
Seguros não-vida;73;558;26669;1907;754
Seguros-saúde;6;87;6409;78;45
Resseguros;0;0;603;5;2
Previdência complementar fechada;40;556;3948;979;1830
Previdência complementar aberta;24;57;2519;449;50
Planos de saúde;5043;16522;76801;21314;8355
Bolsa de valores;0;0;1;0;0
Bolsa de mercadorias;0;0;0;1;2
Bolsa de mercadorias e futuros;0;0;2664;78;0
Administração de mercados de balcão organizados;0;0;27;0;0
Corretoras de títulos e valores mobiliários;51;0;14776;162;15
Distribuidoras de títulos e valores mobiliários;3;0;4956;135;30
Corretoras de câmbio;46;210;2167;266;52
Corretoras de contratos de mercadorias;9;5;138;59;22
Agentes de investimentos em aplicações financeiras;7;32;452;249;47
Administração de cartões de crédito;121;1844;15015;1724;535
Serviços de liquidação e custódia;0;0;22;0;0
Correspondentes de instituições financeiras;608;2671;8030;3050;990
Representações de bancos estrangeiros;0;0;84;0;1
Caixas eletrônicos;0;0;0;0;0
Operadoras de cartões de débito;0;11;1429;0;41
Outras atividades auxiliares dos serviços financeiros não especificadas anteriormente;633;3693;28159;3938;1130
Peritos e avaliadores de seguros;44;190;1210;440;43
Auditoria e consultoria atuarial;1354;98;274;111;156
Corretores e agentes de seguros, de planos de previdência complementar e de saúde;1524;7729;49225;11111;5798
Atividades auxiliares dos seguros, da previdência complementar e dos planos de saúde não especificadas anteriormente;35;181;4130;440;118
Atividades de administração de fundos por contrato ou comissão;28;658;8097;576;534
Compra e venda de imóveis próprios;1192;4596;11405;3333;1709
Aluguel de imóveis próprios;1027;4914;14434;4863;1747
Loteamento de imóveis próprios;538;1955;2472;892;1246
Corretagem na compra e venda e avaliação de imóveis;1097;4402;20591;8694;3418
Corretagem no aluguel de imóveis;393;2527;20838;8017;2113
Gestão e administração da propriedade imobiliária;3328;21253;35277;10896;6144
Serviços advocatícios;5885;17330;55554;22564;10791
Atividades auxiliares da justiça;721;54;860;203;62
Agente de propriedade industrial;77;96;1338;205;6
Cartórios;6634;18663;46828;23644;12407
Atividades de contabilidade;12909;42787;162838;69290;30579
Atividades de consultoria e auditoria contábil e tributária;179;2080;14175;2592;1144
Atividades de consultoria em gestão empresarial, exceto consultoria técnica específica;10160;27457;139465;19600;11204
Serviços de arquitetura;1005;2093;5558;2176;1318
Serviços de engenharia;18715;62679;196282;45364;21664
Serviços de cartografia, topografia e geodésia;1324;2817;5870;1890;1469
Atividades de estudos geológicos;1711;1118;3580;613;248
Serviços de desenho técnico relacionados à arquitetura e engenharia;179;948;3921;1022;486
Serviços de perícia técnica relacionados à segurança do trabalho;477;1222;5033;2641;840
Atividades técnicas relacionadas à engenharia e arquitetura não especificadas anteriormente;109;1089;8435;483;490
Testes e análises técnicas;1979;4667;33729;7016;1986
Pesquisa e desenvolvimento experimental em ciências físicas e naturais;4852;6864;35138;7821;4804
Pesquisa e desenvolvimento experimental em ciências sociais e humanas;757;1671;2538;430;108
Agências de publicidade;859;3560;25985;4151;1752
Agenciamento de espaços para publicidade, exceto em veículos de comunicação;237;1153;3649;1161;703
Criação de estandes para feiras e exposições;23;70;485;180;29
Promoção de vendas;2535;24611;54970;33076;15652
Marketing direto;667;2874;14830;2568;1210
Consultoria em publicidade;90;357;2680;509;91
Outras atividades de publicidade não especificadas anteriormente;116;922;10208;362;285
Pesquisas de mercado e de opinião pública;65;3016;5896;972;306
Design;0;0;0;0;0
Decoração de interiores;126;441;1664;282;231
Design de produtos;4;71;834;229;50
Atividades de Design não Especificadas Anteriormente;43;159;803;261;61
Atividades de produção de fotografias, exceto aérea e submarina;230;1346;2902;1712;679
Atividades de produção de fotografias aéreas e submarinas;3;104;238;78;71
Laboratórios fotográficos;92;273;1344;452;108
Filmagem de festas e eventos;26;179;646;364;72
Serviços de microfilmagem;129;67;596;37;28
Serviços de tradução, interpretação e similares;10;76;786;258;35
Escafandria e mergulho;51;221;2720;231;23
Serviços de agronomia e de consultoria às atividades agrícolas e pecuárias;3452;4483;5391;2233;3401
Atividades de intermediação e agenciamento de serviços e negócios em geral, exceto imobiliários;3837;13862;66550;12910;4999
Agenciamento de profissionais para atividades esportivas, culturais e artísticas;34;171;863;505;52
Outras atividades profissionais, científicas e técnicas não especificadas anteriormente;985;4012;27414;4373;951
Atividades veterinárias;1989;6074;20663;6720;3914
Locação de automóveis sem condutor;7554;24252;50684;10978;5068
Locação de embarcações sem tripulação, exceto para fins recreativos;86;83;1517;45;25
Locação de aeronaves sem tripulação;5;4;36;24;14
Locação de outros meios de transporte não especificados anteriormente, sem condutor;891;3824;5731;1241;836
Aluguel de equipamentos recreativos e esportivos;275;931;2730;855;344
Aluguel de fitas de vídeo, DVDs e similares;17;49;101;56;14
Aluguel de objetos do vestuário, jóias e acessórios;421;2283;6571;2183;1005
Aluguel de aparelhos de jogos eletrônicos;30;65;349;266;22
Aluguel de móveis, utensílios e aparelhos de uso doméstico e pessoal, instrumentos musicais;266;2120;5995;1117;1217
Aluguel de material médico;6;40;421;25;82
Aluguel de outros objetos pessoais e domésticos não especificados anteriormente;8;188;557;284;111
Aluguel de máquinas e equipamentos agrícolas sem operador;791;3004;3390;634;1676
Aluguel de máquinas e equipamentos para construção sem operador, exceto andaimes;3605;14961;42439;7236;7192
Aluguel de andaimes;181;1380;6824;1494;620
Aluguel de máquinas e equipamentos para escritório;4426;3480;9197;2466;1602
Aluguel de máquinas e equipamentos para extração de minérios e petróleo, sem operador;96;51;370;10;487
Aluguel de equipamentos científicos, médicos e hospitalares, sem operador;164;650;2168;293;324
Aluguel de palcos, coberturas e outras estruturas de uso temporário, exceto andaimes;928;3113;9662;1931;1225
Aluguel de outras máquinas e equipamentos comerciais e industriais não especificados anteriormente, sem operador;2671;9385;40613;8056;3754
Gestão de ativos intangíveis não-financeiros;360;1754;12170;8805;1509
Seleção e agenciamento de mão-de-obra;10516;35341;73020;27214;8884
Locação de mão-de-obra temporária;28324;66736;387314;56512;19194
Fornecimento e gestão de recursos humanos para terceiros;5321;117384;108633;49182;40824
Agências de viagens;2570;9729;34633;9376;4634
Operadores turísticos;228;852;2379;713;378
Serviços de reservas e outros serviços de turismo não especificados anteriormente;485;1914;4339;1319;637
Atividades de vigilância e segurança privada;44793;120049;283488;101476;64682
Serviços de adestramento de cães de guarda;8;39;150;49;18
Atividades de transporte de valores;3367;9021;26587;5019;3373
Atividades de monitoramento de sistemas de segurança (Desativado);0;0;0;0;0
Atividades de monitoramento de sistemas de segurança eletronico;6214;17920;56114;21435;5801
Outras atividades de serviços de segurança;43;303;3508;802;414
Atividades de investigação particular;0;153;100;10;1
Serviços combinados para apoio a edifícios, exceto condomínios prediais;16613;46333;253481;47427;23551
Condomínios prediais;16826;126174;315142;60741;34407
Limpeza em prédios e em domicílios;46177;123024;351779;107721;45315
Imunização e controle de pragas urbanas;1485;3262;15444;3248;1448
Atividades de limpeza não especificadas anteriormente;7320;8485;58100;20124;9359
Atividades paisagísticas;946;4073;31227;5856;2630
Serviços combinados de escritório e apoio administrativo;63916;140809;499513;162969;139418
Fotocópias;455;1954;5200;1559;746
Preparação de documentos e serviços especializados de apoio administrativo não especificados anteriormente;5950;19061;93494;24884;35715
Atividades de teleatendimento;7498;157464;244671;58452;12022
Serviços de organização de feiras, congressos, exposições e festas;2456;11320;57244;21685;11922
Casas de festas e eventos;704;1909;5771;1527;890
Atividades de cobrança e informações cadastrais;2659;12693;58606;20618;7014
Envasamento e empacotamento sob contrato;648;1853;13560;2833;1018
Medição de consumo de energia elétrica, gás e água;2371;7317;10473;3374;1187
Emissão de vales-alimentação, vales-transporte e similares;50;264;8141;1138;264
Serviços de gravação de carimbos, exceto confecção;11;31;213;58;60
Leiloeiros independentes;24;153;1383;299;212
Serviços de levantamento de fundos sob contrato;4;3;45;28;2
Casas lotéricas;2347;10656;19365;6779;4686
Salas de acesso à internet;44;279;312;186;85
Outras atividades de serviços prestados principalmente às empresas não especificadas anteriormente;15010;50389;223727;57172;29902
Administração pública em geral;1055446;3032401;2984406;1055595;927498
Regulação das atividades de saúde, educação, serviços culturais e outros serviços sociais;197892;262427;34956;115477;136569
Regulação das atividades econômicas;5102;2497;6021;184;6881
Relações exteriores;0;2;44;6;57
Defesa;1861;2544;96574;695;341484
Justiça;26654;70084;111281;44453;64090
Segurança e ordem pública;44736;163627;239435;55765;65221
Defesa Civil;3905;4656;20521;3854;11
Seguridade social obrigatória;6482;30425;20915;6764;13515
Educação infantil - creche;3935;20306;153449;34517;16428
Educação infantil - pré-escola;12435;67298;116902;32897;20825
Ensino fundamental;22902;168567;1095884;61412;50549
Ensino médio;64265;37085;87477;124632;101615
Educação superior - graduação;25085;75744;157106;61828;37607
Educação superior - graduação e pós-graduação;22367;76733;145998;75642;20755
Educação superior - pós-graduação e extensão;2840;1891;14225;4737;1829
Educação profissional de nível técnico;6297;14444;48512;8946;5039
Educação profissional de nível tecnológico;7348;19183;21368;9763;4832
Administração de caixas escolares;6725;0;2126;41;207
Atividades de apoio à educação, exceto caixas escolares;12818;10261;25813;5403;8904
Ensino de esportes;352;1853;7896;2138;1502
Ensino de dança;97;325;1360;478;223
Ensino de artes cênicas, exceto dança;11;16;61;12;13
Ensino de música;214;244;3350;415;294
Ensino de arte e cultura não especificado anteriormente;118;453;1904;337;245
Ensino de idiomas;2603;6610;30028;8308;4209
Formação de condutores;4116;12545;35696;13653;5368
Cursos de pilotagem;14;54;456;181;55
Treinamento em informática;350;1655;4997;1078;509
Treinamento em desenvolvimento profissional e gerencial;8193;13188;44639;16381;8932
Cursos preparatórios para concursos;1313;2127;7652;1875;1099
Outras atividades de ensino não especificadas anteriormente;15881;30736;84793;27842;21078
Atividades de atendimento hospitalar, exceto pronto-socorro e unidades para atendimento a urgências;53444;203810;712652;234428;76259
Atividades de atendimento em pronto-socorro e unidades hospitalares para atendimento a urgências;20251;105497;167507;32921;45003
UTI móvel;614;1131;10506;2165;354
Serviços móveis de atendimento a urgências, exceto por UTI móvel;347;240;6168;1581;59
Serviços de remoção de pacientes, exceto os serviços móveis de atendimento a urgências;827;266;2386;814;147
Atividade médica ambulatorial com recursos para realização de procedimentos cirúrgicos;3829;12827;35869;7249;8177
Atividade médica ambulatorial com recursos para realização de exames complementares;4944;22076;67869;13145;10184
Atividade médica ambulatorial restrita a consultas;10113;32892;89437;25558;17995
Atividade odontológica com recursos para realização de procedimentos cirúrgicos;9046;30958;82339;31008;19527
Atividade odontológica sem recursos para realização de procedimentos cirúrgicos;54;167;438;163;121
Serviços de vacinação e imunização humana;172;522;1506;562;405
Atividades de reprodução humana assistida;29;119;1477;296;124
Atividades de atenção ambulatorial não especificadas anteriormente;849;3057;34037;2697;14178
Laboratórios de anatomia patológica e citológica;869;2562;5456;2288;1139
Laboratórios clínicos;8676;32075;71868;22448;15851
Serviços de diálise e nefrologia;1782;6361;13669;3529;3189
Serviços de tomografia;334;2212;2946;1255;671
Serviços de diagnóstico por imagem com uso de radiação ionizante, exceto tomografia;2536;7830;26026;7667;5417
Serviços de ressonância magnética;310;1844;3122;1715;497
Serviços de diagnóstico por imagem sem uso de radiação ionizante, exceto ressonância magnética;602;2988;4230;1620;1529
Serviços de diagnóstico por registro gráfico - ECG, EEG e outros exames análogos;187;544;1300;286;299
Serviços de diagnóstico por métodos ópticos - endoscopia e outros exames análogos;272;1005;2325;632;616
Serviços de quimioterapia;438;792;4283;1382;783
Serviços de radioterapia;20;103;691;177;87
Serviços de hemoterapia;249;2401;5493;567;797
Serviços de litotripsia;6;1;32;33;10
Serviços de bancos de células e tecidos humanos;0;17;163;23;4
Atividades de serviços de complementação diagnóstica e terapêutica não especificadas anteriormente;427;3116;17636;2058;791
Atividades de enfermagem;961;638;3197;1459;510
Atividades de profissionais da nutrição;109;619;1038;256;326
Atividades de psicologia e psicanálise;1523;5708;10516;2733;3497
Atividades de fisioterapia;2030;7975;17684;5911;4231
Atividades de terapia ocupacional;420;1782;1946;291;547
Atividades de fonoaudiologia;633;2063;3002;1164;631
Atividades de terapia de nutrição enteral e parenteral;73;137;81;13;32
Atividades de profissionais da área de saúde não especificadas anteriormente;1892;7227;9157;3971;3116
Atividades de apoio à gestão de saúde;15042;80228;162524;25403;70513
Atividades de práticas integrativas e complementares em saúde humana;339;17295;14133;699;1542
Atividades de bancos de leite humano;0;0;6;0;0
Atividades de Acupuntura;13;63;226;26;52
Atividades de Podologia;56;341;424;68;95
Outras atividades de atenção à saúde humana não especificadas anteriormente;13868;14146;37384;4506;9830
Clínicas e residências geriátricas;24;579;3307;2124;209
Instituições de longa permanência para idosos;401;4516;55544;18566;4692
Atividades de assistência a deficientes físicos, imunodeprimidos e convalescentes;523;427;3435;458;93
Centros de apoio a pacientes com câncer e com AIDS;60;203;933;241;202
Condomínios residenciais para idosos;4;191;1081;753;36
Atividades de fornecimento de infra-estrutura de apoio e assistência a paciente no domicílio;781;4227;10589;1856;1557
Atividades de centros de assistência psicossocial;50;915;2173;998;258
Atividades de assistência psicossocial e à saúde a portadores de distúrbios psíquicos, deficiência mental e dependência química não especificadas ante;162;1565;7127;2690;1141
Orfanatos;72;127;3357;839;411
Albergues assistenciais;14;139;4213;777;226
Atividades de assistência social prestadas em residências coletivas e particulares não especificadas anteriormente;728;4583;12482;7080;1256
Serviços de assistência social sem alojamento;7554;23934;117873;25213;20372
Produção teatral;4;22;412;84;47
Produção musical;89;1753;1506;853;787
Produção de espetáculos de dança;75;35;125;62;7
Produção de espetáculos circenses, de marionetes e similares;0;29;55;7;7
Produção de espetáculos de rodeios, vaquejadas e similares;9;64;84;9;57
Atividades de sonorização e de iluminação;388;928;1633;1086;444
Artes cênicas, espetáculos e atividades complementares não especificados anteriormente;315;2016;5244;982;451
Atividades de artistas plásticos, jornalistas independentes e escritores;0;155;157;80;44
Restauração de obras de arte;8;65;147;28;29
Gestão de espaços para artes cênicas, espetáculos e outras atividades artísticas;993;336;1403;226;55
Atividades de bibliotecas e arquivos;52;1059;814;40;155
Atividades de museus e de exploração de lugares e prédios históricos e atrações similares;230;350;1771;444;0
Restauração e conservação de lugares e prédios históricos;100;187;1180;1782;6
Atividades de jardins botânicos, zoológicos, parques nacionais, reservas ecológicas e áreas de proteção ambiental;320;317;2034;413;292
Casas de bingo;0;5;13;3;0
Exploração de apostas em corridas de cavalos;0;9;476;18;0
Exploração de jogos de azar e apostas não especificados anteriormente;0;1056;3189;404;2
Gestão de instalações de esportes;329;1058;3293;1527;426
Clubes sociais, esportivos e similares;3465;9712;59751;16666;5914
Atividades de condicionamento físico;8624;30387;86562;23327;17317
Produção e promoção de eventos esportivos;158;1553;4216;764;472
Outras atividades esportivas não especificadas anteriormente;313;989;4964;1298;436
Parques de diversão e parques temáticos;444;4059;7488;6931;1271
Discotecas, danceterias, salões de dança e similares;161;132;788;696;114
Exploração de boliches;53;82;373;140;116
Exploração de jogos de sinuca, bilhar e similares;38;48;144;13;34
Exploração de jogos eletrônicos recreativos;166;260;728;213;129
Outras atividades de recreação e lazer não especificadas anteriormente;1164;2520;11729;4042;2092
Atividades de organizações associativas patronais e empresariais;1339;2725;14332;15149;3290
Atividades de organizações associativas profissionais (Desativado);0;0;0;0;0
Atividades de atividades de fiscalização profissional;1092;2543;5283;2802;2117
Outras atividades associativas profissionais;1825;3777;22489;3761;4206
Atividades de organizações sindicais;6740;15088;54577;43099;19260
Atividades de associações de defesa de direitos sociais;21993;79199;241621;66151;64499
Atividades de organizações religiosas;7722;21685;58071;18189;11560
Atividades de organizações políticas;1198;2581;892;647;682
Atividades de organizações associativas ligadas à cultura e à arte;559;2002;11349;1005;2154
Atividades associativas não especificadas anteriormente;3750;16545;43260;8921;14164
Reparação e manutenção de computadores e de equipamentos periféricos;1108;4732;15009;4128;2295
Reparação e manutenção de equipamentos de comunicação;694;2283;7136;2017;1457
Reparação e manutenção de equipamentos eletroeletrônicos de uso pessoal e doméstico;879;3234;9587;3204;1362
Reparação de calçados, bolsas e artigos de viagem;45;188;958;275;120
Chaveiros;148;334;1740;591;204
Reparação de relógios;31;108;158;43;23
Reparação de bicicletas, triciclos e outros veículos não-motorizados;50;91;404;135;107
Reparação de artigos do mobiliário;222;1122;4156;1353;674
Reparação de jóias;57;230;623;157;133
Reparação e manutenção de outros objetos e equipamentos pessoais e domésticos não especificados anteriormente;121;1321;4597;1006;605
Lavanderias;1824;7793;22301;7102;4753
Tinturarias;0;35;243;50;0
Toalheiros;564;2074;8996;3063;1977
Cabeleireiros;1717;8674;19916;4336;3772
Atividades de estética e outros serviços de cuidados com a beleza;2906;8703;22961;7838;5367
Gestão e manutenção de cemitérios;370;2640;5814;896;561
Serviços de cremação;40;84;263;166;36
Serviços de sepultamento;177;289;692;81;418
Serviços de funerárias;2686;13275;15185;5005;4065
Serviços de somatoconservação;22;135;535;76;107
Atividades funerárias e serviços relacionados não especificados anteriormente;168;1317;2361;509;430
Clínicas de estética e similares(Desativado);0;0;0;0;0
Agências matrimoniais;2;12;35;8;6
Alojamento, higiene e embelezamento de animais;0;0;0;0;0
Exploração de máquinas de serviços pessoais acionadas por moeda;24;25;19;22;3
Atividades de sauna e banhos;1;57;219;27;26
Serviços de tatuagem e colocação de piercing;22;127;434;88;70
Alojamento de animais domésticos;85;433;2213;544;266
Higiene e embelezamento de animais doméstico;470;1756;7737;3547;1641
Outras atividades de serviços pessoais não especificadas anteriormente;1027;2987;14300;2692;1404
Serviços domésticos;32;170;345;320;97
Organismos internacionais e outras instituições extraterritoriais;41;83;1160;140;2897
Nao informado;0;0;0;0;0
Nao se aplica;0;0;0;0;0
Invalida;0;0;0;0;0
Ignorada;0;10;8;3;3520
{ñ class};0;0;0;0;0
;;;;;
Seleções vigentes;;;;;
Variável;Critério;Valor;;;
Ano;igual a;2025;;;
Vínculo Ativo 31/12;igual a;Sim;;;
